market,strategy_id,strategy_name,start,end,cagr,sharpe,max_drawdown,win_rate,avg_trade_return,avg_holding_days,trade_count,trades_per_year,turnover,mae,mfe,cash_ratio,total_return,final_equity
CN,A_baseline,Baseline Entry#1 / hold top2,2021-12-02,2026-08-26,-0.1924909698,-0.3770281316,-0.6794600185,0.4047619048,-0.001069111165,3.424603175,504,106.4583333,0.4386896444,-0.02033945129,0.0263398643,0,-0.6365766412,0.3634233588
CN,B_entry1_mom10,Entry#1 + Momentum>10 exit,2021-12-02,2026-08-26,-0.117332801,-0.01880449413,-0.5983798349,0.3741935484,-0.001465869771,11.10322581,155,32.74016204,0.1352317391,-0.03493165151,0.0574001594,0,-0.4461532955,0.5538467045
CN,C_entry1_mom20,Entry#1 + Momentum>20 exit,2021-12-02,2026-08-26,0.04648492695,0.3734379119,-0.6184829017,0.3382352941,0.01701483617,25.39705882,68,14.36342593,0.05964301213,-0.05104818176,0.1046420794,0,0.239997417,1.239997417
CN,D_top3_mom10,Entry Top3 EW + Momentum>10 exit,2021-12-02,2026-08-26,-0.07204806279,-0.08555881368,-0.4853268296,0.3659003831,-0.0008561275971,9.883141762,522,110.2604167,0.1492743528,-0.03002089889,0.04978432022,6.431528333e-19,-0.2981284678,0.7018715322
CN,E_top3_mom20,Entry Top3 EW + Momentum>20 exit,2021-12-02,2026-08-26,0.03441398001,0.2741142792,-0.4756365632,0.341991342,0.004500964126,22.30735931,231,48.79340278,0.06460709347,-0.04531048516,0.0862484272,4.859687779e-19,0.1737262692,1.173726269
CN,F_top3_absolute,Top3 + absolute momentum filter,2021-12-02,2026-08-26,0.1578769103,0.6327793598,-0.3114885697,0.3732718894,0.008616760981,23.4516129,217,45.83622685,0.0594979433,-0.04526345219,0.09195305272,0.006504879904,1.001674556,2.001674556
CN,G_f_stop,F + trailing volatility stop,2021-12-02,2026-08-26,-0.004045138894,0.177994381,-0.4689319745,0.4107981221,0.003790294501,10.90610329,426,89.98263889,0.1337950949,-0.03620777826,0.05520214584,0.02417873361,-0.01900657651,0.9809934235
CN,H_f_riskoff,F + breadth risk-off,2021-12-02,2026-08-26,0.05795418796,0.3472952599,-0.4528353482,0.400990099,0.007671735985,23.80693069,202,42.66782407,0.05789779223,-0.04692023649,0.09718175141,0.04722810847,0.3056661892,1.305666189
CN,I_hysteresis,Hysteresis Top3,2021-12-02,2026-08-26,-0.04680319064,0.03865006182,-0.4765029801,0.3604060914,-0.002035211452,25.96446701,197,41.61168981,0.05496777097,-0.05179595649,0.09137641652,1.907813853e-18,-0.2030240786,0.7969759214
