trade_date,signal_date,side,code,price,shares,notional,reason,entry_rank,momentum_rank,pnl_pct,holding_days,mae,mfe
2021-11-24,2021-11-23,buy,XLY.US,103.5749969,0.003218279924,0.3333333333,entry,1,1,,,,
2021-11-24,2021-11-23,buy,KRE.US,75.12000275,0.004437344531,0.3333333333,entry,2,2,,,,
2021-11-24,2021-11-23,buy,KBE.US,57.68999863,0.005778009036,0.3333333333,entry,3,5,,,,
2021-11-30,2021-11-29,sell,KRE.US,70.52999878,0.004437344531,0.3129659043,hysteresis,22,23,-0.061102287,6,-0.06416399785,0.008519693374
2021-11-30,2021-11-29,sell,KBE.US,54.24000168,0.005778009036,0.3133992198,hysteresis,26,24,-0.05980234062,6,-0.05980234062,0.007453636946
2021-11-30,2021-11-29,buy,DTCR.US,17.89999962,0.01749623289,0.3131825621,entry,1,2,,,,
2021-11-30,2021-11-29,buy,SMH.US,155.0650024,0.002019685662,0.3131825621,entry,2,1,,,,
2021-12-08,2021-12-07,sell,DTCR.US,17.97999954,0.01749623289,0.3145822594,hysteresis,31,25,0.004469269576,8,-0.02681561746,0.01776540783
2021-12-08,2021-12-07,buy,XSD.US,248,0.001268476852,0.3145822594,entry,1,1,,,,
2021-12-09,2021-12-08,sell,XLY.US,103.1600037,0.003218279924,0.3319977688,hysteresis,24,24,-0.004006693684,15,-0.04610180099,0.01583393133
2021-12-09,2021-12-08,buy,XHB.US,86.04000092,0.003858644412,0.3319977688,entry,1,1,,,,
2021-12-15,2021-12-14,sell,SMH.US,149.0800018,0.002019685662,0.3010947421,hysteresis,27,27,-0.03859672083,15,-0.06326377586,0.01754103878
2021-12-15,2021-12-14,buy,XLP.US,75.22000122,0.004002854789,0.3010947421,entry,1,1,,,,
2021-12-16,2021-12-15,sell,XSD.US,243.8699951,0.001268476852,0.3093434438,hysteresis,21,21,-0.0166532455,8,-0.07294353362,0.008064516129
2021-12-16,2021-12-15,buy,XLU.US,35.32500076,0.008757068283,0.3093434438,entry,2,2,,,,
2021-12-21,2021-12-20,sell,XHB.US,80.34999847,0.003858644412,0.3100420726,weak,33,33,-0.06613205928,12,-0.08635518626,0.006624822045
2021-12-21,2021-12-20,buy,DTCR.US,18.20000076,0.017035278,0.3100420726,entry,1,2,,,,
2021-12-28,2021-12-27,sell,XLP.US,75.95999908,0.004002854789,0.3040568461,hysteresis,33,26,0.009837780534,13,-0.01582029277,0.02073913232
2021-12-28,2021-12-27,sell,XLU.US,35.08000183,0.008757068283,0.3071979714,hysteresis,39,32,-0.006935567632,12,-0.03411186992,0.01217269061
2021-12-28,2021-12-27,buy,SMH.US,158.9149933,0.001923213175,0.3056274088,entry,1,1,,,,
2021-12-28,2021-12-27,buy,XSD.US,248.8800049,0.001228011101,0.3056274088,entry,2,2,,,,
2022-01-05,2022-01-04,sell,DTCR.US,17.95999908,0.017035278,0.3059535773,weak,38,38,-0.01318690486,15,-0.0123626578,0.0230769263
2022-01-05,2022-01-04,buy,XLE.US,29.88999939,0.01023598473,0.3059535773,entry,1,1,,,,
2022-01-06,2022-01-05,sell,XSD.US,231.4700012,0.001228011101,0.284247731,weak,34,33,-0.06995340453,9,-0.06947126409,0.007794930904
2022-01-06,2022-01-05,buy,XES.US,55.5,0.005121580739,0.284247731,entry,2,2,,,,
2022-01-11,2022-01-10,sell,SMH.US,148.2350006,0.001923213175,0.2850875061,hysteresis,27,29,-0.06720569567,14,-0.09470464354,0.002705899083
2022-01-11,2022-01-10,buy,KRE.US,77.43000031,0.003681874015,0.2850875061,entry,1,1,,,,
2022-01-25,2022-01-24,sell,KRE.US,71.91999817,0.003681874015,0.2648003725,hysteresis,26,26,-0.071161076,14,-0.1007361878,0.01782251386
2022-01-25,2022-01-24,buy,XLP.US,75.05000305,0.003528319276,0.2648003725,entry,1,2,,,,
2022-02-09,2022-02-08,sell,XES.US,59.04999924,0.005121580739,0.3024293387,weak,33,33,0.06396395022,34,-0.05711708413,0.1099098824
2022-02-09,2022-02-08,buy,XME.US,46.52999878,0.006499663586,0.3024293387,entry,1,1,,,,
2022-02-10,2022-02-09,sell,XLP.US,75.91999817,0.003528319276,0.267869993,weak,37,37,0.01159220629,16,-0.01718855247,0.02878075876
2022-02-10,2022-02-09,buy,COPX.US,40.99000168,0.0065350081,0.267869993,entry,1,2,,,,
2022-03-16,2022-03-15,sell,COPX.US,41.27000046,0.0065350081,0.2696997873,weak,39,36,0.006830904314,34,-0.04562094828,0.09660890272
2022-03-16,2022-03-15,buy,KIE.US,39.86999893,0.006764479421,0.2696997873,entry,1,1,,,,
2022-03-17,2022-03-16,sell,XLE.US,36.38000107,0.01023598473,0.3723851354,hysteresis,36,32,0.2171295353,71,-0.01137504716,0.3419204225
2022-03-17,2022-03-16,buy,KRE.US,71.84999847,0.005182813407,0.3723851354,entry,2,3,,,,
2022-03-21,2022-03-18,sell,XME.US,59.65999985,0.006499663586,0.3877699285,hysteresis,34,31,0.2821835679,40,-0.004298236697,0.2974425213
2022-03-21,2022-03-18,sell,KRE.US,71.98000336,0.005182813407,0.3730589265,weak,37,37,0.001809392979,4,-0.02282532254,0.005149655594
2022-03-21,2022-03-18,buy,XSD.US,208.0099945,0.001828827641,0.3804144275,entry,1,1,,,,
2022-03-21,2022-03-18,buy,XTN.US,89.20999908,0.004264257722,0.3804144275,entry,2,2,,,,
2022-03-23,2022-03-22,sell,KIE.US,41.31999969,0.006764479421,0.2795082876,hysteresis,26,22,0.03636821675,7,-0.01103583242,0.04539757767
2022-03-23,2022-03-22,buy,URA.US,26.88999939,0.01039450703,0.2795082876,entry,1,1,,,,
2022-03-25,2022-03-24,sell,XTN.US,89.13999939,0.004264257722,0.3801159308,weak,32,31,-0.0007846619834,4,-0.01715053015,0.007622467348
2022-03-25,2022-03-24,buy,XME.US,62.91999817,0.006041257817,0.3801159308,entry,1,1,,,,
2022-03-29,2022-03-28,sell,URA.US,25.20000076,0.01039450703,0.261941585,weak,35,34,-0.06284859297,6,-0.06247676993,0.01115660659
2022-03-29,2022-03-28,buy,CIBR.US,53.68999863,0.004878778017,0.261941585,entry,1,2,,,,
2022-04-01,2022-03-31,sell,XSD.US,208.8399963,0.001828827641,0.3819323578,weak,41,41,0.003990201687,11,-0.02023937102,0.05913178874
2022-04-01,2022-03-31,buy,XLU.US,37.20000076,0.01026699865,0.3819323578,entry,1,2,,,,
2022-04-08,2022-04-07,sell,CIBR.US,51.75,0.004878778017,0.2524767624,hysteresis,24,25,-0.03613333351,10,-0.05233744888,0.004656360708
2022-04-08,2022-04-07,buy,URA.US,27.75,0.009098261706,0.2524767624,entry,1,2,,,,
2022-04-21,2022-04-20,sell,XLU.US,38.27000046,0.01026699865,0.3929180432,hysteresis,28,22,0.02876343207,20,-0.005914011188,0.03803765824
2022-04-21,2022-04-20,buy,XOP.US,146.9799957,0.002673275647,0.3929180432,entry,2,2,,,,
2022-04-22,2022-04-21,sell,URA.US,25.32999992,0.009098261706,0.2304589683,weak,36,35,-0.08720720996,14,-0.08972972148,0.02666665842
2022-04-22,2022-04-21,buy,XLP.US,80.69000244,0.002856103127,0.2304589683,entry,1,1,,,,
2022-04-25,2022-04-22,sell,XME.US,56.72000122,0.006041257817,0.3426601507,weak,31,31,-0.09853778018,31,-0.07883024839,0.05896375067
2022-04-25,2022-04-22,buy,XLRE.US,49.31000137,0.006949100409,0.3426601507,entry,1,1,,,,
2022-05-03,2022-05-02,sell,XLRE.US,45.61999893,0.006949100409,0.3170179533,weak,36,34,-0.07483273856,8,-0.09839791229,0.002839168237
2022-05-03,2022-05-02,buy,XLE.US,38.24499893,0.008289134844,0.3170179533,entry,1,1,,,,
2022-05-19,2022-05-18,sell,XLP.US,71.43000031,0.002856103127,0.2040114473,hysteresis,36,30,-0.1147602163,27,-0.1126534105,0.001239291995
2022-05-19,2022-05-18,buy,XES.US,68.40000153,0.002982623432,0.2040114473,entry,3,3,,,,
2022-06-14,2022-06-13,sell,XES.US,71.37000275,0.002982623432,0.2128698425,weak,32,32,0.04342106951,26,-0.005701745336,0.2112572606
2022-06-14,2022-06-13,buy,XLP.US,70.34999847,0.003025868474,0.2128698425,entry,3,4,,,,
2022-06-21,2022-06-17,sell,XOP.US,132,0.002673275647,0.3528723854,weak,36,32,-0.1019186023,61,-0.1599537025,0.1608382098
2022-06-21,2022-06-17,sell,XLE.US,37.30500031,0.008289134844,0.3092261779,weak,37,33,-0.02457834104,49,-0.05085631453,0.219898028
2022-06-21,2022-06-17,buy,XHS.US,80.40000153,0.004117528301,0.3310492817,entry,1,3,,,,
2022-06-21,2022-06-17,buy,XBI.US,68.66000366,0.004821573901,0.3310492817,entry,2,5,,,,
2022-07-20,2022-07-19,sell,XLP.US,73.06999969,0.003025868474,0.2211002084,weak,38,37,0.03866384193,36,-0.03027714712,0.04548691751
2022-07-20,2022-07-19,buy,SMH.US,111.1050034,0.001990011266,0.2211002084,entry,1,1,,,,
2022-07-21,2022-07-20,sell,XBI.US,84.43000031,0.004821573901,0.4070854859,hysteresis,30,27,0.2296824323,30,-0.0001456763137,0.2585202309
2022-07-21,2022-07-20,buy,XSD.US,172.9499969,0.002353775618,0.4070854859,entry,1,1,,,,
2022-08-01,2022-07-29,sell,XHS.US,94.26999664,0.004117528301,0.3881593791,hysteresis,30,29,0.1725123738,41,-0.005970190893,0.1960199233
2022-08-01,2022-07-29,buy,TAN.US,84.43000031,0.004597410609,0.3881593791,entry,1,1,,,,
2022-08-10,2022-08-09,sell,SMH.US,117.7300034,0.001990011266,0.2342840331,weak,39,38,0.05962827775,21,-0.005895381746,0.1058908153
2022-08-10,2022-08-09,buy,XBI.US,92.79000092,0.002524884479,0.2342840331,entry,1,1,,,,
2022-08-11,2022-08-10,sell,XSD.US,187.5200043,0.002353775618,0.4413800139,hysteresis,35,34,0.08424404499,21,-0.03960677054,0.09875687848
2022-08-11,2022-08-10,buy,XHS.US,102.0100021,0.004326830748,0.4413800139,entry,3,3,,,,
2022-08-17,2022-08-16,sell,XHS.US,98.72000122,0.004326830748,0.4271447368,weak,33,33,-0.03225174832,6,-0.02793842186,0.01637092573
2022-08-17,2022-08-16,buy,XRT.US,73.15000153,0.005839299082,0.4271447368,entry,1,1,,,,
2022-08-18,2022-08-17,sell,XBI.US,89.48999786,0.002524884479,0.2259519066,hysteresis,28,26,-0.03556420971,8,-0.03976724221,0.02575707906
2022-08-18,2022-08-17,buy,XOP.US,140.5099945,0.001608084232,0.2259519066,entry,2,4,,,,
2022-08-22,2022-08-19,sell,TAN.US,82.56999969,0.004597410609,0.3796081926,hysteresis,29,28,-0.02203009124,21,-0.05424614254,0.07923726658
2022-08-22,2022-08-19,buy,XLU.US,38.66500092,0.009817876208,0.3796081926,entry,1,2,,,,
2022-08-24,2022-08-23,sell,XRT.US,66.87999725,0.005839299082,0.3905323066,hysteresis,30,29,-0.08571434233,7,-0.08325364102,0.004647933435
2022-08-24,2022-08-23,buy,XLE.US,41.09000015,0.009504315043,0.3905323066,entry,2,3,,,,
2022-09-08,2022-09-07,sell,XOP.US,138.6900024,0.001608084232,0.2230252061,weak,42,38,-0.01295275878,21,-0.03771964985,0.09337421457
2022-09-08,2022-09-07,sell,XLE.US,39.32500076,0.009504315043,0.3737571963,weak,37,35,-0.04295447513,15,-0.06570943667,0.03650523228
2022-09-08,2022-09-07,buy,TAN.US,87,0.003429783922,0.2983912012,entry,1,1,,,,
2022-09-08,2022-09-07,buy,XLY.US,79.14499664,0.003770184015,0.2983912012,entry,3,3,,,,
2022-09-22,2022-09-21,sell,TAN.US,80.93000031,0.003429783922,0.2775724138,weak,33,32,-0.06977011143,14,-0.07287352113,0.02080456964
2022-09-22,2022-09-21,buy,KRE.US,62.90999985,0.004412214505,0.2775724138,entry,1,1,,,,
2022-09-29,2022-09-28,sell,XLU.US,34.61500168,0.009817876208,0.3398458014,weak,34,35,-0.104745872,38,-0.1140566337,0.01150910861
2022-09-29,2022-09-28,buy,XHS.US,88.29000092,0.003849199206,0.3398458014,entry,1,1,,,,
2022-10-03,2022-09-30,sell,XLY.US,71.16000366,0.003770184015,0.2682863083,weak,34,33,-0.1008906857,25,-0.1027228201,0.05622597468
2022-10-03,2022-09-30,buy,SIL.US,24.76000023,0.01083547277,0.2682863083,entry,1,1,,,,
2022-10-07,2022-10-06,sell,XHS.US,89.52999878,0.003849199206,0.3446188002,hysteresis,31,29,0.01404460132,8,-0.008721307787,0.05210101287
2022-10-07,2022-10-06,buy,XES.US,64.44999695,0.005347072405,0.3446188002,entry,1,1,,,,
2022-10-18,2022-10-17,sell,SIL.US,24.32999992,0.01083547277,0.2636270517,weak,33,32,-0.01736673268,15,-0.05977380972,0.07512118712
2022-10-18,2022-10-17,buy,KBE.US,48.15999985,0.005473983649,0.2636270517,entry,2,2,,,,
2022-10-24,2022-10-21,sell,KRE.US,60.97999954,0.004412214505,0.2690568385,weak,36,36,-0.03067875234,32,-0.07184868016,0.02050543799
2022-10-24,2022-10-21,sell,KBE.US,46.11999893,0.005473983649,0.25246012,weak,38,35,-0.04235882313,6,-0.0691444773,0.004568131674
2022-10-24,2022-10-21,buy,XLE.US,43.43999863,0.006002727613,0.2607584793,entry,2,2,,,,
2022-10-24,2022-10-21,buy,XME.US,47.88000107,0.005446083405,0.2607584793,entry,3,3,,,,
2022-11-01,2022-10-31,sell,XME.US,49.70000076,0.005446083405,0.2706703494,hysteresis,29,23,0.03801168868,8,-0.01984128533,0.05200496675
2022-11-01,2022-10-31,buy,KIE.US,41.54000092,0.006515896568,0.2706703494,entry,1,2,,,,
2022-11-11,2022-11-10,sell,XLE.US,46.11500168,0.006002727613,0.2768157939,weak,35,33,0.06157926189,18,-0.005409686995,0.07596692348
2022-11-11,2022-11-10,buy,SIL.US,27.94000053,0.009907508542,0.2768157939,entry,1,2,,,,
2022-11-14,2022-11-11,sell,KIE.US,40.77999878,0.006515896568,0.2657182541,weak,44,43,-0.0182956697,13,-0.04525760777,0.003129447534
2022-11-14,2022-11-11,buy,GDX.US,28.12999916,0.009446081124,0.2657182541,entry,1,2,,,,
2022-11-16,2022-11-15,sell,XES.US,81.76000214,0.005347072405,0.4371766513,hysteresis,28,22,0.268580388,40,-0.07788978869,0.3045772818
2022-11-16,2022-11-15,buy,XSD.US,181.3000031,0.002411343872,0.4371766513,entry,1,2,,,,
2022-11-21,2022-11-18,sell,SIL.US,27.11000061,0.009907508542,0.2685925626,hysteresis,23,22,-0.02970651066,10,-0.04581247896,0.03256978633
2022-11-21,2022-11-18,buy,TAN.US,80.94000244,0.003318415549,0.2685925626,entry,1,1,,,,
2022-11-28,2022-11-25,sell,TAN.US,81.19999695,0.003318415549,0.2694553324,weak,34,31,0.003212188028,7,-0.01717320667,0.02569797552
2022-11-28,2022-11-25,buy,XME.US,51.75,0.005206866327,0.2694553324,entry,1,2,,,,
2022-11-30,2022-11-29,sell,XSD.US,176.0500031,0.002411343872,0.4245170959,hysteresis,30,25,-0.02895752847,14,-0.04848322337,0.01902921616
2022-11-30,2022-11-29,buy,COPX.US,35.40999985,0.0119886218,0.4245170959,entry,1,1,,,,
2022-12-13,2022-12-12,sell,XME.US,53.91999817,0.005206866327,0.2807542228,hysteresis,24,22,0.04193233177,15,-0.02048311832,0.06299513665
2022-12-13,2022-12-12,buy,XLU.US,36.73500061,0.007642690027,0.2807542228,entry,1,8,,,,
2023-01-06,2023-01-05,sell,XLU.US,35.19499969,0.007642690027,0.2689844732,weak,37,33,-0.0419218971,24,-0.06043286195,0.004355515033
2023-01-06,2023-01-05,buy,XHE.US,90.38999939,0.002975821164,0.2689844732,entry,2,2,,,,
2023-01-10,2023-01-09,sell,XHE.US,90.54000092,0.002975821164,0.2694308509,weak,33,32,0.001659492498,4,0,0.02356452337
2023-01-10,2023-01-09,buy,SIL.US,30.25,0.008906804988,0.2694308509,entry,3,3,,,,
2023-01-19,2023-01-18,sell,GDX.US,31.45999908,0.009446081124,0.2971737035,hysteresis,28,25,0.1183789557,66,-0.04870241638,0.1642375036
2023-01-19,2023-01-18,sell,SIL.US,30.21999931,0.008906804988,0.2691636406,hysteresis,26,24,-0.0009917582362,9,-0.006611595469,0.04099172797
2023-01-19,2023-01-18,buy,BOTZ.US,22.51000023,0.01257968322,0.2831686721,entry,1,2,,,,
2023-01-19,2023-01-18,buy,XSD.US,184.3300018,0.001536205009,0.2831686721,entry,2,1,,,,
2023-01-31,2023-01-30,sell,COPX.US,40.36000061,0.0119886218,0.483860783,hysteresis,25,24,0.1397910416,62,-0.01355547993,0.1886472842
2023-01-31,2023-01-30,buy,URA.US,23.14999962,0.02090111408,0.483860783,entry,1,1,,,,
2023-02-06,2023-02-03,sell,URA.US,22.13999939,0.02090111408,0.462750653,weak,36,34,-0.04362852033,6,-0.04492436394,0.03066958978
2023-02-06,2023-02-03,buy,XRT.US,72.76999664,0.006359085809,0.462750653,entry,1,1,,,,
2023-02-13,2023-02-10,sell,XRT.US,69.01000214,0.006359085809,0.4388405253,weak,37,36,-0.05166957098,7,-0.05909022428,0.007145860883
2023-02-13,2023-02-10,buy,XES.US,88.75,0.004944681975,0.4388405253,entry,1,1,,,,
2023-02-21,2023-02-17,sell,BOTZ.US,23.34000015,0.01257968322,0.2936098082,hysteresis,32,33,0.03687249735,33,-0.0079964595,0.1152820652
2023-02-21,2023-02-17,sell,XSD.US,197.6399994,0.001536205009,0.303615557,hysteresis,28,25,0.07220744006,33,-0.02468400698,0.1529322528
2023-02-21,2023-02-17,buy,XHS.US,93.18000031,0.003204686431,0.2986126826,entry,1,1,,,,
2023-02-21,2023-02-17,buy,XLY.US,74.16000366,0.00402660016,0.2986126826,entry,2,3,,,,
2023-02-22,2023-02-21,sell,XES.US,81.91000366,0.004944681975,0.4050189187,weak,38,37,-0.07707038127,9,-0.07109856404,0.01983100999
2023-02-22,2023-02-21,buy,COPX.US,38.90000153,0.01041179699,0.4050189187,entry,1,2,,,,
2023-02-27,2023-02-24,sell,XLY.US,72.74500275,0.00402660016,0.2929150397,weak,34,34,-0.01908037818,6,-0.03802598685,0.002696830345
2023-02-27,2023-02-24,sell,COPX.US,36.91999817,0.01041179699,0.3844035257,weak,42,42,-0.05089982723,5,-0.06503862454,0
2023-02-27,2023-02-24,buy,XAR.US,120.0999985,0.002819810882,0.3386592827,entry,1,1,,,,
2023-02-27,2023-02-24,buy,KIE.US,43.36999893,0.007808607125,0.3386592827,entry,2,3,,,,
2023-03-02,2023-03-01,sell,XHS.US,89.02999878,0.003204686431,0.285313229,hysteresis,35,32,-0.04453747062,9,-0.0375617084,0
2023-03-02,2023-03-01,buy,XME.US,56.52000046,0.005048004719,0.285313229,entry,1,1,,,,
2023-03-06,2023-03-03,sell,KIE.US,43.16999817,0.007808607125,0.3370975553,weak,36,34,-0.004611500297,7,-0.01982938971,0.005533817947
2023-03-06,2023-03-03,buy,XES.US,90.61000061,0.003720312913,0.3370975553,entry,1,1,,,,
2023-03-09,2023-03-08,sell,XME.US,55.90000153,0.005048004719,0.2821834715,hysteresis,24,23,-0.01096954931,7,-0.02300069403,0.04812457889
2023-03-09,2023-03-08,buy,SMH.US,122.9599991,0.002294920898,0.2821834715,entry,1,1,,,,
2023-03-13,2023-03-10,sell,XES.US,77.87999725,0.003720312913,0.2897379594,weak,36,36,-0.1404922555,7,-0.1199647133,0.003421228965
2023-03-13,2023-03-10,buy,XLK.US,67.45999908,0.004294959433,0.2897379594,entry,2,2,,,,
2023-03-16,2023-03-15,sell,XAR.US,111.8300018,0.002819810882,0.3153394561,hysteresis,24,24,-0.06885925685,17,-0.07668608827,0.01540381763
2023-03-16,2023-03-15,buy,GDX.US,29.45000076,0.01070762132,0.3153394561,entry,1,4,,,,
2023-04-10,2023-04-06,sell,SMH.US,125.0500031,0.002294920898,0.2869798653,weak,34,33,0.01699742992,32,-0.05343200833,0.07177134551
2023-04-10,2023-04-06,buy,XLC.US,58.49000168,0.004906477296,0.2869798653,entry,2,2,,,,
2023-04-13,2023-04-12,sell,XLK.US,73.66000366,0.004294959433,0.3163667276,hysteresis,28,22,0.09190638396,31,-0.006225884593,0.1229617296
2023-04-13,2023-04-12,buy,COPX.US,40.90999985,0.007733237075,0.3163667276,entry,1,2,,,,
2023-04-21,2023-04-20,sell,GDX.US,33.74000168,0.01070762132,0.3612751614,weak,31,31,0.1456706555,36,-0.03225808959,0.225806368
2023-04-21,2023-04-20,sell,XLC.US,57.40000153,0.004906477296,0.2816318043,weak,30,30,-0.01863566629,11,-0.01863566629,0.01607109933
2023-04-21,2023-04-20,buy,XHB.US,69.69000244,0.004612619767,0.3214534828,entry,1,1,,,,
2023-04-21,2023-04-20,buy,IHI.US,56.52000046,0.005687428879,0.3214534828,entry,2,2,,,,
2023-04-25,2023-04-24,sell,COPX.US,39.00999832,0.007733237075,0.3016735653,hysteresis,28,26,-0.04644344984,12,-0.03006598746,0.03739913921
2023-04-25,2023-04-24,buy,XLP.US,76.86000061,0.003924974797,0.3016735653,entry,2,4,,,,
2023-05-09,2023-05-08,sell,IHI.US,55.63999939,0.005687428879,0.3164485393,hysteresis,29,28,-0.01556972861,18,-0.02193916611,0.01291577382
2023-05-09,2023-05-08,buy,GDX.US,35.27999878,0.008969630111,0.3164485393,entry,1,1,,,,
2023-05-11,2023-05-10,sell,XLP.US,76.56999969,0.003924974797,0.300535319,weak,32,29,-0.003773105819,16,-0.01040857462,0.01249022999
2023-05-11,2023-05-10,buy,XBI.US,87,0.003454428955,0.300535319,entry,1,1,,,,
2023-05-15,2023-05-12,sell,GDX.US,33.77999878,0.008969630111,0.3029940942,hysteresis,23,22,-0.04251700827,6,-0.05612243795,0.007086168046
2023-05-15,2023-05-12,buy,XLC.US,59.70999908,0.005074428049,0.3029940942,entry,1,1,,,,
2023-05-19,2023-05-18,sell,XBI.US,85.37999725,0.003454428955,0.2949391346,hysteresis,30,26,-0.01862072123,8,-0.043678196,0.01758619287
2023-05-19,2023-05-18,buy,SMH.US,133.7700043,0.002204822645,0.2949391346,entry,1,1,,,,
2023-05-24,2023-05-23,sell,XHB.US,69.84999847,0.004612619767,0.3221914837,weak,30,30,0.002295824754,33,-0.03199889911,0.04864398437
2023-05-24,2023-05-23,buy,FDN.US,148.6100006,0.002168033661,0.3221914837,entry,1,1,,,,
2023-06-08,2023-06-07,sell,XLC.US,62.61999893,0.005074428049,0.317760679,hysteresis,36,31,0.04873555338,24,-0.002260899742,0.07620169354
2023-06-08,2023-06-07,buy,XHB.US,75.05999756,0.004233422454,0.317760679,entry,1,1,,,,
2023-06-09,2023-06-08,sell,FDN.US,158.1600037,0.002168033661,0.3428962118,hysteresis,33,33,0.06426218298,16,0,0.0952156237
2023-06-09,2023-06-08,buy,PAVE.US,29.52000046,0.01161572515,0.3428962118,entry,2,2,,,,
2023-07-06,2023-07-05,sell,SMH.US,148.3399963,0.002204822645,0.3270633831,weak,32,32,0.1089182298,48,-0.04350756626,0.165732208
2023-07-06,2023-07-05,buy,XTN.US,83.19000244,0.003931522701,0.3270633831,entry,1,1,,,,
2023-07-10,2023-07-07,sell,XHB.US,77.97000122,0.004233422454,0.3300799539,hysteresis,29,27,0.03876903486,32,-0.01092458995,0.07540639284
2023-07-10,2023-07-07,buy,DTCR.US,13.43000031,0.02457780688,0.3300799539,entry,1,4,,,,
2023-07-11,2023-07-10,sell,DTCR.US,13.60000038,0.02457780688,0.3342581829,weak,34,34,0.01265823324,1,-0.004467640972,0.01116899591
2023-07-11,2023-07-10,buy,XES.US,84.83999634,0.003939865598,0.3342581829,entry,1,2,,,,
2023-07-17,2023-07-14,sell,XTN.US,83.91000366,0.003931522701,0.3298940842,weak,36,34,0.008654900824,11,-0.01935329442,0.04760186282
2023-07-17,2023-07-14,buy,XHB.US,83.18000031,0.003966026485,0.3298940842,entry,1,1,,,,
2023-07-18,2023-07-17,sell,PAVE.US,31.86000061,0.01161572515,0.3700770104,hysteresis,21,22,0.07926829662,39,-0.00985773583,0.08689019603
2023-07-18,2023-07-17,buy,KCE.US,89.95999908,0.004113795178,0.3700770104,entry,1,1,,,,
2023-08-02,2023-08-01,sell,KCE.US,90.20999908,0.004113795178,0.3711054592,hysteresis,34,32,0.002779012923,15,-0.0007781202261,0.0341262753
2023-08-02,2023-08-01,buy,KRE.US,47.41999817,0.00782592732,0.3711054592,entry,1,1,,,,
2023-08-16,2023-08-15,sell,KRE.US,45.11000061,0.00782592732,0.3530275862,hysteresis,36,33,-0.04871357334,14,-0.0480809546,0.03521725112
2023-08-16,2023-08-15,buy,XOP.US,145.1300049,0.002432492071,0.3530275862,entry,1,1,,,,
2023-08-21,2023-08-18,sell,XHB.US,79.66000366,0.003966026485,0.3159336843,hysteresis,28,26,-0.04231782436,35,-0.05458043879,0.02344309859
2023-08-21,2023-08-18,buy,XME.US,51.20000076,0.00617057968,0.3159336843,entry,2,3,,,,
2023-08-25,2023-08-24,sell,XES.US,90.98000336,0.003939865598,0.3584489853,hysteresis,22,24,0.07237160872,45,-0.003653908203,0.1360207616
2023-08-25,2023-08-24,buy,URA.US,23.28000069,0.01539729273,0.3584489853,entry,1,1,,,,
2023-08-28,2023-08-25,sell,XME.US,50.52000046,0.00617057968,0.3117376883,hysteresis,33,21,-0.01328125576,7,-0.03125004424,0.007031261816
2023-08-28,2023-08-25,buy,CIBR.US,45.65999985,0.006827369455,0.3117376883,entry,2,2,,,,
2023-08-30,2023-08-29,sell,XOP.US,148,0.002432492071,0.3600088266,hysteresis,31,25,0.01977533949,14,-0.01350517914,0.03286700788
2023-08-30,2023-08-29,buy,KCE.US,90.12999725,0.003994328609,0.3600088266,entry,1,1,,,,
2023-09-06,2023-09-05,sell,KCE.US,89.33000183,0.003994328609,0.356813382,hysteresis,26,21,-0.008876017383,7,-0.0105402971,0.008543263019
2023-09-06,2023-09-05,buy,XES.US,96.48999786,0.003697931287,0.356813382,entry,2,2,,,,
2023-09-19,2023-09-18,sell,CIBR.US,46.24000168,0.006827369455,0.315697575,hysteresis,27,22,0.01270262446,22,-0.003723131176,0.0422689512
2023-09-19,2023-09-18,buy,SIL.US,26.28000069,0.01201284501,0.315697575,entry,2,5,,,,
2023-09-26,2023-09-25,sell,SIL.US,24.52000046,0.01201284501,0.2945549651,weak,35,34,-0.06697108763,7,-0.06468800299,0.0003805262032
2023-09-26,2023-09-25,buy,KIE.US,43.36999893,0.006791675636,0.2945549651,entry,1,2,,,,
2023-10-03,2023-10-02,sell,XES.US,92.01999664,0.003697931287,0.3402836246,weak,34,32,-0.04632605783,27,-0.04767331927,0.04477147674
2023-10-03,2023-10-02,sell,KIE.US,41.99000168,0.006791675636,0.2851824714,hysteresis,26,21,-0.03181916734,7,-0.03527781455,0.004611500297
2023-10-03,2023-10-02,buy,CIBR.US,45.25999832,0.00690970083,0.312733048,entry,1,1,,,,
2023-10-03,2023-10-02,buy,SMH.US,145.2899933,0.002152474791,0.312733048,entry,2,2,,,,
2023-10-05,2023-10-04,sell,URA.US,25.03000069,0.01539729273,0.3853942476,hysteresis,30,26,0.07517181909,41,-0.01804123986,0.2207903453
2023-10-05,2023-10-04,buy,XLC.US,65.72000122,0.005864185035,0.3853942476,entry,1,1,,,,
2023-10-19,2023-10-18,sell,SMH.US,147.25,0.002152474791,0.316951913,weak,36,35,0.01349030769,16,-0.02154305024,0.06036206675
2023-10-19,2023-10-18,buy,XLE.US,45.81999969,0.006917326825,0.316951913,entry,1,2,,,,
2023-10-27,2023-10-26,sell,CIBR.US,44.04000092,0.00690970083,0.3043032309,hysteresis,28,27,-0.02695531267,24,-0.03866548972,0.03954929257
2023-10-27,2023-10-26,sell,XLC.US,63.38000107,0.005864185035,0.3716720538,weak,32,32,-0.03560560117,22,-0.04412662009,0.0480066756
2023-10-27,2023-10-26,sell,XLE.US,43.31000137,0.006917326825,0.2995894343,hysteresis,25,21,-0.05477953597,8,-0.063182027,0.01003926424
2023-10-27,2023-10-26,buy,XLU.US,29.79999924,0.01091235731,0.3251882396,entry,1,3,,,,
2023-10-27,2023-10-26,buy,URA.US,26,0.01250723999,0.3251882396,entry,2,1,,,,
2023-10-27,2023-10-26,buy,KIE.US,42.68000031,0.007619218306,0.3251882396,entry,3,2,,,,
2023-11-06,2023-11-03,sell,XLU.US,30.98500061,0.01091235731,0.338119398,hysteresis,27,26,0.03976514777,10,-0.01795301547,0.05117454916
2023-11-06,2023-11-03,sell,KIE.US,43.52000046,0.007619218306,0.3315883842,hysteresis,29,28,0.01968135301,10,-0.02624177422,0.02413305464
2023-11-06,2023-11-03,buy,DTCR.US,13.31999969,0.02513918159,0.3348538911,entry,1,1,,,,
2023-11-06,2023-11-03,buy,KRE.US,43.65000153,0.007671337444,0.3348538911,entry,2,2,,,,
2023-11-07,2023-11-06,sell,URA.US,26.18000031,0.01250723999,0.3274395467,weak,36,34,0.006923088661,11,-0.0303846506,0.06346152379
2023-11-07,2023-11-06,buy,SMH.US,149.6600037,0.002187889474,0.3274395467,entry,1,1,,,,
2023-11-13,2023-11-10,sell,KRE.US,41.15000153,0.007671337444,0.3156755475,weak,30,30,-0.05727376661,7,-0.06552120299,0.005727376661
2023-11-13,2023-11-10,buy,XLK.US,89.38500214,0.003531638865,0.3156755475,entry,1,2,,,,
2023-11-28,2023-11-27,sell,SMH.US,160.8600006,0.002187889474,0.3519439021,weak,35,35,0.07483627338,21,-0.002338674963,0.1054389843
2023-11-28,2023-11-27,buy,SIL.US,26.85000038,0.01310778015,0.3519439021,entry,1,1,,,,
2023-12-04,2023-12-01,sell,XLK.US,91.86499786,0.003531638865,0.3244339968,weak,33,33,0.02774509893,21,-0.005873485633,0.04547736997
2023-12-04,2023-12-01,buy,KBE.US,41.61999893,0.007795146687,0.3244339968,entry,2,2,,,,
2023-12-07,2023-12-06,sell,SIL.US,27.21999931,0.01310778015,0.3567937667,hysteresis,28,21,0.01378022073,9,-0.006703921885,0.055121025
2023-12-07,2023-12-06,buy,KRE.US,47.74000168,0.007473685677,0.3567937667,entry,1,1,,,,
2023-12-08,2023-12-07,sell,DTCR.US,14.18000031,0.02513918159,0.3564736026,hysteresis,26,22,0.06456461187,32,-0.02327323371,0.08333338106
2023-12-08,2023-12-07,buy,XHB.US,87.33999634,0.004081447419,0.3564736026,entry,3,3,,,,
2023-12-26,2023-12-22,sell,KBE.US,45.97999954,0.007795146687,0.3584208411,hysteresis,27,23,0.1047573456,22,-0.002883203627,0.1386352861
2023-12-26,2023-12-22,sell,KRE.US,52.50999832,0.007473685677,0.3924432223,hysteresis,23,21,0.09991613899,19,-0.003351483908,0.1409719167
2023-12-26,2023-12-22,buy,SIL.US,29.03000069,0.01293255332,0.3754320317,entry,1,1,,,,
2023-12-26,2023-12-22,buy,XME.US,61.04999924,0.006149582906,0.3754320317,entry,2,2,,,,
2024-01-03,2024-01-02,sell,SIL.US,27.20999908,0.01293255332,0.351894764,weak,35,34,-0.06269381878,8,-0.04719258721,0.01687908231
2024-01-03,2024-01-02,buy,XBI.US,89.56999969,0.00392871235,0.351894764,entry,1,1,,,,
2024-01-05,2024-01-04,sell,XHB.US,91.30000305,0.004081447419,0.3726361618,hysteresis,24,23,0.04534012915,28,0,0.1096863091
2024-01-05,2024-01-04,sell,XME.US,58.06000137,0.006149582906,0.357044792,hysteresis,23,25,-0.0489762146,10,-0.05389026956,0.01228501244
2024-01-05,2024-01-04,buy,XLV.US,138.9199982,0.002626263185,0.3648404769,entry,1,2,,,,
2024-01-05,2024-01-04,buy,SHLD.US,28.02000046,0.01302071631,0.3648404769,entry,3,5,,,,
2024-01-12,2024-01-11,sell,SHLD.US,28.5,0.01302071631,0.3710904148,hysteresis,28,23,0.01713060437,7,-0.007209124233,0.01570301997
2024-01-12,2024-01-11,buy,CIBR.US,54.72999954,0.006780384028,0.3710904148,entry,1,1,,,,
2024-01-18,2024-01-17,sell,XBI.US,88.77999878,0.00392871235,0.3487910776,hysteresis,24,23,-0.008819927634,15,-0.02913922763,0.053031149
2024-01-18,2024-01-17,buy,URA.US,30.98999977,0.0112549558,0.3487910776,entry,2,2,,,,
2024-01-22,2024-01-19,sell,XLV.US,139.5800018,0.002626263185,0.3665738202,hysteresis,31,28,0.004750962214,17,-0.01007769878,0.01900373902
2024-01-22,2024-01-19,buy,SMH.US,188.8099976,0.001941495816,0.3665738202,entry,1,1,,,,
2024-01-23,2024-01-22,sell,URA.US,29.71999931,0.0112549558,0.3344972786,weak,33,29,-0.04098097667,5,-0.04775732666,0.001613460625
2024-01-23,2024-01-22,buy,XSD.US,225.9799957,0.001480207474,0.3344972786,entry,2,2,,,,
2024-01-29,2024-01-26,sell,XSD.US,217.3300018,0.001480207474,0.321693493,weak,36,33,-0.03827769741,6,-0.04212757409,0.01199224164
2024-01-29,2024-01-26,buy,XES.US,84.23000336,0.003819226881,0.321693493,entry,1,3,,,,
2024-02-02,2024-02-01,sell,XES.US,80.69000244,0.003819226881,0.3081734263,weak,41,41,-0.04202779027,4,-0.04570825062,0.007004586423
2024-02-02,2024-02-01,buy,URA.US,32.09000015,0.009603409937,0.3081734263,entry,1,1,,,,
2024-02-07,2024-02-06,sell,CIBR.US,57.25,0.006780384028,0.3881769856,hysteresis,28,27,0.04604422581,26,-0.01980631542,0.05024666587
2024-02-07,2024-02-06,buy,IHI.US,57.52999878,0.006747383867,0.3881769856,entry,1,1,,,,
2024-02-09,2024-02-08,sell,URA.US,29.85000038,0.009603409937,0.2866617903,weak,35,35,-0.06980366969,7,-0.07385480922,0.002181355391
2024-02-09,2024-02-08,buy,FDN.US,202.9299927,0.001412614205,0.2866617903,entry,2,2,,,,
2024-02-13,2024-02-12,sell,IHI.US,56.18999863,0.006747383867,0.3791354902,hysteresis,28,29,-0.02329219852,6,-0.02051104346,0.001912056539
2024-02-13,2024-02-12,buy,XHB.US,96.66999817,0.003921956112,0.3791354902,entry,1,1,,,,
2024-02-20,2024-02-16,sell,XHB.US,97.40000153,0.003921956112,0.3819985313,hysteresis,27,22,0.007551498611,7,-0.005586023852,0.03351614311
2024-02-20,2024-02-16,buy,SHLD.US,30.80999947,0.01239852444,0.3819985313,entry,1,1,,,,
2024-02-21,2024-02-20,sell,FDN.US,194.7200012,0.001412614205,0.2750642397,weak,37,37,-0.0404572599,12,-0.03922530795,0.01350222043
2024-02-21,2024-02-20,buy,KIE.US,48.84999847,0.00563079321,0.2750642397,entry,2,2,,,,
2024-02-22,2024-02-21,sell,SMH.US,207.1799927,0.001941495816,0.4022390889,hysteresis,30,22,0.09729355095,31,-0.02468091585,0.0969757841
2024-02-22,2024-02-21,buy,MLPX.US,45.61000061,0.00881909852,0.4022390889,entry,2,5,,,,
2024-02-28,2024-02-27,sell,MLPX.US,45.49000168,0.00881909852,0.4011808065,hysteresis,25,22,-0.00263097852,6,-0.004823530317,0.007893019196
2024-02-28,2024-02-27,buy,XBI.US,102.2600021,0.003923144906,0.4011808065,entry,1,1,,,,
2024-03-04,2024-03-01,sell,KIE.US,49.56999969,0.00563079321,0.2791184177,weak,37,36,0.01473902238,12,-0.007778859064,0.02333681146
2024-03-04,2024-03-01,buy,SMH.US,224,0.001246064365,0.2791184177,entry,2,2,,,,
2024-03-12,2024-03-11,sell,XBI.US,96.65000153,0.003923144906,0.3791719611,weak,39,38,-0.0548601652,13,-0.05652257636,0.01232147937
2024-03-12,2024-03-11,buy,COPX.US,38.29999924,0.009900051402,0.3791719611,entry,1,3,,,,
2024-03-14,2024-03-13,sell,SHLD.US,32,0.01239852444,0.396752782,hysteresis,28,21,0.03862384144,23,-0.02142161178,0.05972093774
2024-03-14,2024-03-13,buy,XHB.US,106.6399994,0.003720487475,0.396752782,entry,1,2,,,,
2024-03-18,2024-03-15,sell,SMH.US,222.1699982,0.001246064365,0.2768381176,hysteresis,25,24,-0.008169651031,14,-0.03602681841,0.06758928299
2024-03-18,2024-03-15,buy,XLE.US,45.59500122,0.006071676943,0.2768381176,entry,2,2,,,,
2024-04-04,2024-04-03,sell,XHB.US,109.8099976,0.003720487475,0.4085467205,hysteresis,21,21,0.02972616455,21,-0.02484997694,0.04988746929
2024-04-04,2024-04-03,buy,SIL.US,30.5,0.01339497444,0.4085467205,entry,1,1,,,,
2024-04-25,2024-04-24,sell,COPX.US,44.77999878,0.009900051402,0.4433242897,hysteresis,32,30,0.1691905919,44,-0.01383808851,0.2336814867
2024-04-25,2024-04-24,buy,XLU.US,33.29000092,0.01331704048,0.4433242897,entry,1,1,,,,
2024-04-30,2024-04-29,sell,XLE.US,48,0.006071676943,0.2914404933,hysteresis,28,28,0.05274698355,43,-0.008334270379,0.08531635674
2024-04-30,2024-04-29,buy,COPX.US,46.77999878,0.006230023533,0.2914404933,entry,1,1,,,,
2024-05-06,2024-05-03,sell,SIL.US,31.71999931,0.01339497444,0.4248885801,weak,37,32,0.03999997749,32,-0.02229509197,0.0973770892
2024-05-06,2024-05-03,sell,COPX.US,47,0.006230023533,0.2928111061,hysteresis,27,26,0.004702890689,6,-0.03740915019,0.001068898099
2024-05-06,2024-05-03,buy,URA.US,31,0.01157580139,0.3588498431,entry,2,2,,,,
2024-05-06,2024-05-03,buy,KRE.US,50,0.007176996862,0.3588498431,entry,3,3,,,,
2024-05-14,2024-05-13,sell,URA.US,31.01000023,0.01157580139,0.3589656038,weak,36,35,0.0003225880284,8,-0.01387097759,0.04838709677
2024-05-14,2024-05-13,buy,SIL.US,32.75999832,0.01095743657,0.3589656038,entry,2,2,,,,
2024-05-17,2024-05-16,sell,KRE.US,51.02000046,0.007176996862,0.3661703832,hysteresis,29,26,0.02040000916,11,-0.01400001526,0.035
2024-05-17,2024-05-16,buy,SMH.US,233.5899963,0.001567577332,0.3661703832,entry,1,1,,,,
2024-06-05,2024-06-04,sell,SIL.US,32.65000153,0.01095743657,0.3577603208,weak,37,35,-0.003357655717,22,-0.01098891374,0.1034799566
2024-06-05,2024-06-04,buy,UFO.US,16.40999985,0.0218013604,0.3577603208,entry,1,5,,,,
2024-06-07,2024-06-06,sell,XLU.US,35.04999924,0.01331704048,0.4667622586,hysteresis,31,26,0.05286867747,43,-0.008711351984,0.09507362056
2024-06-07,2024-06-06,sell,UFO.US,16.43000031,0.0218013604,0.358196358,hysteresis,26,22,0.00121879695,2,-0.005179712691,0.007922063944
2024-06-07,2024-06-06,buy,QQQ.US,463,0.0008908840352,0.4124793083,entry,2,3,,,,
2024-06-07,2024-06-06,buy,XRT.US,76.97000122,0.005358961956,0.4124793083,entry,3,2,,,,
2024-06-12,2024-06-11,sell,XRT.US,77.26999664,0.005358961956,0.4140869724,hysteresis,23,23,0.003897562915,5,-0.02949206491,0.01221258187
2024-06-12,2024-06-11,buy,XLK.US,111.1800003,0.003724473567,0.4140869724,entry,2,2,,,,
2024-07-01,2024-06-28,sell,SMH.US,261,0.001567577332,0.4091376836,hysteresis,32,32,0.1173423695,45,-0.0212766013,0.1968406683
2024-07-01,2024-06-28,buy,MLPX.US,51.24000168,0.007984732049,0.4091376836,entry,1,2,,,,
2024-07-12,2024-07-11,sell,MLPX.US,51.86000061,0.007984732049,0.4140882089,weak,36,31,0.01209990069,11,-0.009953202957,0.01288055866
2024-07-12,2024-07-11,buy,XBI.US,98.87999725,0.004187785401,0.4140882089,entry,1,1,,,,
2024-07-15,2024-07-12,sell,QQQ.US,496.61,0.0008908840352,0.4424219207,hysteresis,34,29,0.07259179266,38,-0.003174946004,0.0875161987
2024-07-15,2024-07-12,sell,XLK.US,117.4950027,0.003724473567,0.437607032,hysteresis,25,22,0.05679980594,33,-0.001843873273,0.07096599539
2024-07-15,2024-07-12,buy,KRE.US,52.88999939,0.008319426762,0.4400144764,entry,1,1,,,,
2024-07-15,2024-07-12,buy,KBE.US,49.59999847,0.008871259878,0.4400144764,entry,3,3,,,,
2024-08-05,2024-08-02,sell,KRE.US,51.59999847,0.008319426762,0.4292824082,hysteresis,26,24,-0.02439026149,21,-0.004348639533,0.1266780269
2024-08-05,2024-08-02,sell,KBE.US,48.09000015,0.008871259878,0.4266188889,hysteresis,27,25,-0.03044351548,21,-0.01169350875,0.109879051
2024-08-05,2024-08-02,buy,XLRE.US,41.27000046,0.01036953341,0.4279506486,entry,1,1,,,,
2024-08-05,2024-08-02,buy,XLU.US,37.30500031,0.01147166988,0.4279506486,entry,2,2,,,,
2024-08-09,2024-08-08,sell,XBI.US,95.38999939,0.004187785401,0.3994728468,hysteresis,26,27,-0.03529528682,28,-0.07969253107,0.04247577563
2024-08-09,2024-08-08,buy,UFO.US,17.76000023,0.02249284018,0.3994728468,entry,1,3,,,,
2024-08-16,2024-08-15,sell,XLU.US,37.09500122,0.01147166988,0.4255416084,hysteresis,35,34,-0.005629247628,11,-0.0325693645,0
2024-08-16,2024-08-15,buy,XLK.US,109.9300003,0.003871023444,0.4255416084,entry,1,5,,,,
2024-08-19,2024-08-16,sell,XLRE.US,41.86000061,0.01036953341,0.4340686748,weak,37,36,0.0142961024,14,-0.01793074074,0.02350378507
2024-08-19,2024-08-16,buy,GDX.US,38.22000122,0.01135710782,0.4340686748,entry,2,2,,,,
2024-08-26,2024-08-23,sell,XLK.US,111.8799973,0.003871023444,0.4330900923,weak,38,34,0.01773853309,10,-0.002729037123,0.03415807553
2024-08-26,2024-08-23,buy,XHB.US,120.1500015,0.003604578334,0.4330900923,entry,1,1,,,,
2024-08-28,2024-08-27,sell,GDX.US,38.72999954,0.01135710782,0.4398607808,hysteresis,31,26,0.01334375472,9,-0.001569894594,0.04578754433
2024-08-28,2024-08-27,buy,KRE.US,56.59999847,0.007771392096,0.4398607808,entry,1,1,,,,
2024-09-04,2024-09-03,sell,UFO.US,18.70999908,0.02249284018,0.4208410193,hysteresis,27,27,0.05349092586,26,-0.05349103326,0.1154278835
2024-09-04,2024-09-03,buy,KIE.US,56.43000031,0.007457753269,0.4208410193,entry,1,1,,,,
2024-09-05,2024-09-04,sell,XHB.US,112.8700027,0.003604578334,0.4068487664,hysteresis,25,22,-0.06059091708,10,-0.07215978409,0.001414882786
2024-09-05,2024-09-04,buy,XLU.US,38.70500183,0.01051152945,0.4068487664,entry,2,2,,,,
2024-09-10,2024-09-09,sell,KRE.US,55.54999924,0.007771392096,0.431700825,hysteresis,28,26,-0.01855122377,13,-0.03586570378,0.02597175372
2024-09-10,2024-09-09,buy,XLRE.US,44.34000015,0.009736148478,0.431700825,entry,1,1,,,,
2024-09-13,2024-09-12,sell,KIE.US,55.59000015,0.007457753269,0.4145765054,hysteresis,30,25,-0.01488570172,9,-0.0423533471,0.005847918032
2024-09-13,2024-09-12,buy,GDX.US,39.79999924,0.01041649531,0.4145765054,entry,1,2,,,,
2024-09-19,2024-09-18,sell,XLRE.US,45.24000168,0.009736148478,0.4404633735,hysteresis,31,25,0.02029773394,9,-0.007442531121,0.0279657572
2024-09-19,2024-09-18,buy,XHB.US,125.0100021,0.003523425054,0.4404633735,entry,1,1,,,,
2024-09-20,2024-09-19,sell,XLU.US,39.5,0.01051152945,0.4152054131,weak,44,43,0.02053993363,15,-0.02079835337,0.02544882442
2024-09-20,2024-09-19,buy,KRE.US,58.63000107,0.007081790986,0.4152054131,entry,2,2,,,,
2024-09-25,2024-09-24,sell,KRE.US,56.09000015,0.007081790986,0.3972176575,weak,41,41,-0.04332254595,5,-0.04605152164,0.001023325217
2024-09-25,2024-09-24,buy,URA.US,28.65999985,0.01385965316,0.3972176575,entry,1,5,,,,
2024-10-01,2024-09-30,sell,GDX.US,40.31000137,0.01041649531,0.4198889402,weak,43,39,0.01281412427,18,-0.01959795965,0.05402013988
2024-10-01,2024-09-30,buy,TAN.US,43.16999817,0.009726406255,0.4198889402,entry,1,3,,,,
2024-10-07,2024-10-04,sell,XHB.US,120.3099976,0.003523425054,0.4239032596,weak,36,35,-0.03759702822,18,-0.04271661368,0.003759708925
2024-10-07,2024-10-04,sell,TAN.US,42.43000031,0.009726406255,0.4126914204,weak,35,33,-0.01714148472,6,-0.03984242481,0
2024-10-07,2024-10-04,buy,MLPX.US,56.68000031,0.007379981259,0.41829734,entry,1,1,,,,
2024-10-07,2024-10-04,buy,SHLD.US,38.29000092,0.01092445364,0.41829734,entry,2,2,,,,
2024-10-14,2024-10-11,sell,SHLD.US,38.24000168,0.01092445364,0.4177511256,hysteresis,25,25,-0.001305804018,7,-0.01540872652,0.007834923737
2024-10-14,2024-10-11,buy,CIBR.US,62.90999985,0.006640456631,0.4177511256,entry,1,1,,,,
2024-10-21,2024-10-18,sell,MLPX.US,57.63999939,0.007379981259,0.4253821152,weak,39,39,0.01693717501,14,-0.01958363804,0.01693717501
2024-10-21,2024-10-18,buy,SIL.US,40.45999908,0.01051364619,0.4253821152,entry,2,2,,,,
2024-10-24,2024-10-23,sell,CIBR.US,61.09000015,0.006640456631,0.4056654966,weak,35,35,-0.02893021299,10,-0.03719599679,0.0004768523187
2024-10-24,2024-10-23,buy,GDX.US,43.47000122,0.009332079255,0.4056654966,entry,2,2,,,,
2024-10-29,2024-10-28,sell,GDX.US,41.79999924,0.009332079255,0.3900809057,hysteresis,33,31,-0.03841734384,5,-0.05152982783,0.0009201081138
2024-10-29,2024-10-28,buy,DTCR.US,17.85000038,0.02185327156,0.3900809057,entry,1,3,,,,
2024-10-31,2024-10-30,sell,DTCR.US,17.30999947,0.02185327156,0.3782801191,hysteresis,32,30,-0.03025215148,2,-0.03047622487,0
2024-10-31,2024-10-30,buy,IGV.US,92.56999969,0.004086422387,0.3782801191,entry,1,1,,,,
2024-11-01,2024-10-31,sell,URA.US,31.06999969,0.01385965316,0.4306194195,weak,35,32,0.08408931822,37,-0.01046752403,0.1859735471
2024-11-01,2024-10-31,buy,FDN.US,220.9199982,0.001949209773,0.4306194195,entry,1,1,,,,
2024-11-05,2024-11-04,sell,SIL.US,38.79999924,0.01051364619,0.4079294642,weak,34,33,-0.04102817313,15,-0.06401384605,0.04522990293
2024-11-05,2024-11-04,buy,UFO.US,19.79000092,0.0206129078,0.4079294642,entry,2,2,,,,
2024-12-02,2024-11-29,sell,IGV.US,105,0.004086422387,0.4290743506,hysteresis,29,27,0.1342767673,32,-0.01415142663,0.1617154723
2024-12-02,2024-11-29,buy,QTUM.US,71.77999878,0.005977631066,0.4290743506,entry,2,2,,,,
2024-12-31,2024-12-30,sell,FDN.US,246.0099945,0.001949209773,0.4795250856,hysteresis,23,23,0.1135705076,60,-0.002670633455,0.1672551025
2024-12-31,2024-12-30,buy,MLPX.US,60.40000153,0.007939156845,0.4795250856,entry,3,3,,,,
2025-01-10,2025-01-08,sell,QTUM.US,80.08999634,0.005977631066,0.4787484502,weak,34,33,0.1157703775,39,-0.02981331048,0.2642797652
2025-01-10,2025-01-08,buy,XHS.US,93.02999878,0.005146172809,0.4787484502,entry,1,2,,,,
2025-01-14,2025-01-13,sell,UFO.US,22.37999916,0.0206129078,0.4613168592,weak,42,40,0.1308740842,70,-0.002425484258,0.2491156225
2025-01-14,2025-01-13,buy,XOP.US,141.0299988,0.003271054834,0.4613168592,entry,1,1,,,,
2025-01-23,2025-01-22,sell,XOP.US,143.5599976,0.003271054834,0.4695926239,hysteresis,34,30,0.01793943701,9,-0.0008508481758,0.03921150696
2025-01-23,2025-01-22,buy,SMH.US,263.019989,0.001785387589,0.4695926239,entry,1,3,,,,
2025-01-28,2025-01-27,sell,MLPX.US,62.97000122,0.007939156845,0.4999287162,weak,32,32,0.04254966275,28,-0.003145735705,0.1170529721
2025-01-28,2025-01-27,sell,SMH.US,237.8899994,0.001785387589,0.4247258524,weak,43,43,-0.09554402963,5,-0.1170252635,0.01676680042
2025-01-28,2025-01-27,buy,UFO.US,24.95999908,0.01852272842,0.4623272843,entry,2,2,,,,
2025-01-28,2025-01-27,buy,IHI.US,64.13999939,0.007208096175,0.4623272843,entry,3,3,,,,
2025-02-07,2025-02-06,sell,XHS.US,99.27999878,0.005146172809,0.5109120302,weak,37,34,0.06718263014,28,-0.001719832686,0.1125443551
2025-02-07,2025-02-06,buy,GDX.US,41.50999832,0.01230816793,0.5109120302,entry,2,1,,,,
2025-02-12,2025-02-11,sell,IHI.US,63.68000031,0.007208096175,0.4590115667,hysteresis,26,22,-0.007171797456,15,-0.0127845292,0.01621454514
2025-02-12,2025-02-11,buy,DTCR.US,17.64999962,0.02600632162,0.4590115667,entry,1,2,,,,
2025-02-24,2025-02-21,sell,UFO.US,24.31999969,0.01852272842,0.4504727494,weak,33,32,-0.02564100213,27,-0.05649038057,0.05629009368
2025-02-24,2025-02-21,buy,SHLD.US,41.77000046,0.01078460006,0.4504727494,entry,2,2,,,,
2025-03-04,2025-03-03,sell,DTCR.US,17.13999939,0.02600632162,0.4457483367,hysteresis,28,25,-0.02889519773,20,-0.03059484532,0.1042493027
2025-03-04,2025-03-03,buy,KIE.US,59.86000061,0.007446514068,0.4457483367,entry,2,2,,,,
2025-04-11,2025-04-10,sell,KIE.US,55.79999924,0.007446514068,0.4155154793,hysteresis,27,26,-0.06782494707,38,-0.1251253191,0.02355495879
2025-04-11,2025-04-10,buy,XAR.US,159.1900024,0.002610185771,0.4155154793,entry,3,3,,,,
2025-04-28,2025-04-25,sell,GDX.US,48.54000092,0.01230816793,0.5974384827,weak,37,36,0.1693568508,80,-0.07058531942,0.2828234679
2025-04-28,2025-04-25,buy,IGV.US,94.90000153,0.006295452825,0.5974384827,entry,1,1,,,,
2025-04-29,2025-04-28,sell,SHLD.US,51,0.01078460006,0.550014603,hysteresis,34,32,0.2209719761,64,-0.01412497357,0.2192961395
2025-04-29,2025-04-28,buy,URA.US,25.19000053,0.02183464039,0.550014603,entry,2,2,,,,
2025-05-29,2025-05-28,sell,IGV.US,104.0500031,0.006295452825,0.6550418857,hysteresis,26,25,0.09641729588,31,-0.01538460549,0.1128556261
2025-05-29,2025-05-28,buy,UFO.US,25.37000084,0.02581954529,0.6550418857,entry,2,2,,,,
2025-06-03,2025-06-02,sell,UFO.US,24.5,0.02581954529,0.6325788596,weak,39,35,-0.03429250337,5,-0.05806075804,0.004335778453
2025-06-03,2025-06-02,buy,SHLD.US,57.625,0.01097750732,0.6325788596,entry,2,3,,,,
2025-06-11,2025-06-10,sell,SHLD.US,57,0.01097750732,0.6257179175,weak,39,40,-0.01084598698,8,-0.02125810801,0.0280260595
2025-06-11,2025-06-10,buy,XSD.US,248.2899933,0.002520109285,0.6257179175,entry,1,2,,,,
2025-07-02,2025-07-01,sell,URA.US,37.5,0.02183464039,0.8187990145,weak,35,32,0.4886859549,64,-0.02858281879,0.5601428505
2025-07-02,2025-07-01,buy,COPX.US,45.84000015,0.01786210759,0.8187990145,entry,1,2,,,,
2025-07-09,2025-07-08,sell,XAR.US,209.2599945,0.002610185771,0.5462074602,hysteresis,25,25,0.3145297525,89,-0.01482505543,0.3289779152
2025-07-09,2025-07-08,buy,TAN.US,38.00999832,0.01437009956,0.5462074602,entry,1,1,,,,
2025-07-11,2025-07-10,sell,COPX.US,45.06000137,0.01786210759,0.8048665924,hysteresis,29,27,-0.01701568012,9,-0.02923211492,0.02879580477
2025-07-11,2025-07-10,buy,XTN.US,86.62999725,0.00929085326,0.8048665924,entry,2,4,,,,
2025-07-21,2025-07-18,sell,TAN.US,38.09000015,0.01437009956,0.5473570945,hysteresis,24,25,0.002104757553,12,-0.01078663156,0.02867666932
2025-07-21,2025-07-18,buy,URA.US,41.59999847,0.01315762295,0.5473570945,entry,1,1,,,,
2025-07-22,2025-07-21,sell,XTN.US,84.69000244,0.00929085326,0.7868423853,hysteresis,25,23,-0.02239403063,11,-0.03243677303,0
2025-07-22,2025-07-21,buy,UFO.US,30.70999908,0.02562170006,0.7868423853,entry,3,4,,,,
2025-07-25,2025-07-24,sell,XSD.US,264.6099854,0.002520109285,0.6668460811,hysteresis,35,32,0.06572956022,44,-0.04482657346,0.1138588144
2025-07-25,2025-07-24,buy,XME.US,77.29000092,0.008627844135,0.6668460811,entry,2,2,,,,
2025-07-28,2025-07-25,sell,UFO.US,30.53000069,0.02562170006,0.7822305203,hysteresis,28,21,-0.005861230973,6,-0.02181693875,0.02898083111
2025-07-28,2025-07-25,buy,PAVE.US,46.97000122,0.01665383223,0.7822305203,entry,2,4,,,,
2025-08-01,2025-07-31,sell,URA.US,38,0.01315762295,0.4999896719,weak,43,42,-0.08653842803,11,-0.06081728058,0.01490391272
2025-08-01,2025-07-31,sell,XME.US,71.88999939,0.008627844135,0.6202557096,hysteresis,27,23,-0.06986675459,7,-0.06197439331,0.006210321152
2025-08-01,2025-07-31,buy,FDN.US,268.1499939,0.00208884096,0.5601226908,entry,1,3,,,,
2025-08-01,2025-07-31,buy,XLK.US,129.9400024,0.004310625521,0.5601226908,entry,2,2,,,,
2025-08-05,2025-08-04,sell,PAVE.US,45.5,0.01665383223,0.7577493666,hysteresis,23,22,-0.03129659746,8,-0.05727064874,0
2025-08-05,2025-08-04,buy,ZAP.US,28.70999908,0.02639322155,0.7577493666,entry,1,1,,,,
2025-08-11,2025-08-08,sell,FDN.US,270.25,0.00208884096,0.5645092695,hysteresis,20,21,0.007831460568,10,-0.01693085455,0.03333955862
2025-08-11,2025-08-08,buy,SIL.US,53,0.01065111829,0.5645092695,entry,1,1,,,,
2025-08-12,2025-08-11,sell,ZAP.US,28.29999924,0.02639322155,0.7469281498,hysteresis,26,23,-0.01428073356,7,-0.02319743922,0.001741593382
2025-08-12,2025-08-11,buy,XME.US,79.44999695,0.009401235727,0.7469281498,entry,2,2,,,,
2025-08-15,2025-08-14,sell,XLK.US,133.6849976,0.004310625521,0.5762659623,hysteresis,24,22,0.02882095619,14,-0.01577653543,0.03913337971
2025-08-15,2025-08-14,buy,XSD.US,284.8299866,0.002023192745,0.5762659623,entry,1,1,,,,
2025-08-21,2025-08-20,sell,XME.US,76.87999725,0.009401235727,0.7227669769,hysteresis,27,22,-0.0323473857,9,-0.03763370646,0.02756453777
2025-08-21,2025-08-20,buy,TAN.US,40.45999908,0.0178637418,0.7227669769,entry,1,1,,,,
2025-08-22,2025-08-21,sell,XSD.US,275.230011,0.002023192745,0.5568433613,hysteresis,21,22,-0.03370423073,7,-0.06259869892,0
2025-08-22,2025-08-21,buy,GDX.US,58.79000092,0.009471735885,0.5568433613,entry,2,2,,,,
2025-09-03,2025-09-02,sell,TAN.US,41,0.0178637418,0.7324134138,weak,36,33,0.01334653801,13,-0.02718730843,0.05363326823
2025-09-03,2025-09-02,buy,UFO.US,33.84999847,0.02163702945,0.7324134138,entry,3,3,,,,
2025-10-21,2025-10-20,sell,UFO.US,38.66999817,0.02163702945,0.8367038891,hysteresis,34,33,0.1423929073,48,-0.03190540813,0.2168390099
2025-10-21,2025-10-20,buy,XBI.US,110.1299973,0.007597420412,0.8367038891,entry,1,1,,,,
2025-10-22,2025-10-21,sell,SIL.US,65.30000305,0.01065111829,0.695518057,weak,42,40,0.2320755293,72,-0.02018867349,0.523018891
2025-10-22,2025-10-21,sell,GDX.US,70.48000336,0.009471735885,0.667567977,weak,39,38,0.1988433791,61,-0.006973972462,0.4473549075
2025-10-22,2025-10-21,buy,SMH.US,342.8599854,0.001987817319,0.681543017,entry,1,2,,,,
2025-10-22,2025-10-21,buy,XHS.US,103.9100037,0.006558974045,0.681543017,entry,3,5,,,,
2025-11-03,2025-10-31,sell,XHS.US,102.9599991,0.006558974045,0.6753119616,weak,34,30,-0.009142570919,12,-0.01780392684,0.02261570967
2025-11-03,2025-10-31,buy,URA.US,54.68999863,0.01234799741,0.6753119616,entry,3,4,,,,
2025-11-05,2025-11-04,sell,URA.US,50.02999878,0.01234799741,0.6177702956,weak,34,32,-0.08520753272,2,-0.09124150647,0.003108465678
2025-11-05,2025-11-04,buy,XES.US,80.11000061,0.007711525288,0.6177702956,entry,1,1,,,,
2025-11-13,2025-11-12,sell,SMH.US,351.6300049,0.001987817319,0.6989762137,hysteresis,27,32,0.02557901157,22,-0.03050805548,0.08726598234
2025-11-13,2025-11-12,buy,GDX.US,79.48999786,0.008793259938,0.6989762137,entry,1,1,,,,
2025-12-09,2025-12-08,sell,GDX.US,79.30000305,0.008793259938,0.6973055399,hysteresis,28,27,-0.002390172564,26,-0.08856461322,0.05711411546
2025-12-09,2025-12-08,buy,XSD.US,341.9100037,0.002039441761,0.6973055399,entry,1,2,,,,
2025-12-12,2025-12-11,sell,XBI.US,123.0100021,0.007597420412,0.9345587011,hysteresis,28,27,0.1169527395,52,-0.03477702985,0.1429220547
2025-12-12,2025-12-11,buy,SIL.US,85.62000275,0.01091519121,0.9345587011,entry,1,1,,,,
2025-12-15,2025-12-12,sell,XSD.US,331.7099915,0.002039441761,0.6765032091,weak,44,42,-0.02983244742,6,-0.04451464145,0.01634932081
2025-12-15,2025-12-12,buy,GDX.US,86.51000214,0.007819942115,0.6765032091,entry,2,2,,,,
2025-12-16,2025-12-15,sell,XES.US,82.79000092,0.007711525288,0.6384371857,hysteresis,27,25,0.0334540043,41,-0.06366244458,0.102858542
2025-12-16,2025-12-15,buy,KRE.US,67.31999969,0.009483618369,0.6384371857,entry,3,3,,,,
2025-12-26,2025-12-24,sell,KRE.US,66.70999908,0.009483618369,0.6326521727,weak,41,36,-0.009061209345,10,-0.01411166002,0.01143785868
2025-12-26,2025-12-24,buy,COPX.US,74.93000031,0.008443242628,0.6326521727,entry,1,1,,,,
2026-01-05,2026-01-02,sell,GDX.US,87.77999878,0.007819942115,0.6864345093,weak,37,32,0.0146803446,21,-0.0379146769,0.05964623633
2026-01-05,2026-01-02,buy,XES.US,89.19999695,0.007695454404,0.6864345093,entry,1,3,,,,
2026-01-06,2026-01-05,sell,SIL.US,86.91999817,0.01091519121,0.9487483997,hysteresis,25,23,0.01518331442,25,-0.05909840021,0.05454330786
2026-01-06,2026-01-05,buy,UFO.US,41.70999908,0.02274630594,0.9487483997,entry,2,2,,,,
2026-02-03,2026-02-02,sell,UFO.US,45.31000137,0.02274630594,1.030635153,hysteresis,20,23,0.08631029412,28,-0.009589971708,0.1666267302
2026-02-03,2026-02-02,buy,SMH.US,411.0299988,0.002507445092,1.030635153,entry,2,2,,,,
2026-02-05,2026-02-04,sell,SMH.US,379.1400146,0.002507445092,0.950672769,weak,40,40,-0.07758553932,2,-0.0895068697,0.003770984594
2026-02-05,2026-02-04,buy,XLE.US,52.25999832,0.01819121316,0.950672769,entry,2,2,,,,
2026-02-19,2026-02-18,sell,COPX.US,84.44999695,0.008443242628,0.7130318142,weak,31,33,0.1270518698,55,-0.04644339174,0.3344454485
2026-02-19,2026-02-18,buy,TAN.US,59.15999985,0.0120526,0.7130318142,entry,2,2,,,,
2026-02-27,2026-02-26,sell,TAN.US,56.63999939,0.0120526,0.6826592566,weak,45,39,-0.04259635673,8,-0.04225828273,0.03025694591
2026-02-27,2026-02-26,buy,SIL.US,118.0500031,0.00578279745,0.6826592566,entry,1,1,,,,
2026-03-09,2026-03-06,sell,SIL.US,97.83999634,0.00578279745,0.5657888814,weak,40,38,-0.1711986971,10,-0.1639983067,0.006776750544
2026-03-09,2026-03-06,buy,XOP.US,166.1600037,0.003405084671,0.5657888814,entry,1,1,,,,
2026-04-06,2026-04-02,sell,XES.US,114.8399963,0.007695454404,0.8837459555,hysteresis,28,25,0.2874439492,91,-0.04215240623,0.3621076699
2026-04-06,2026-04-02,buy,UFO.US,49.43500137,0.0178769279,0.8837459555,entry,1,1,,,,
2026-04-07,2026-04-06,sell,XLE.US,59.81000137,0.01819121316,1.088016484,weak,40,38,0.1444700209,61,-0.01569077155,0.2143130716
2026-04-07,2026-04-06,buy,XBI.US,127.9700012,0.008502121383,1.088016484,entry,2,2,,,,
2026-04-09,2026-04-08,sell,XOP.US,172.6499939,0.003405084671,0.5878878476,weak,39,37,0.03905867893,31,-0.0507944286,0.1456427324
2026-04-09,2026-04-08,buy,SMH.US,423.1700134,0.001389247416,0.5878878476,entry,2,2,,,,
2026-04-14,2026-04-13,sell,XBI.US,133.1999969,0.008502121383,1.132482542,hysteresis,26,21,0.04086891988,7,-0.01250291833,0.04399472399
2026-04-14,2026-04-13,buy,XSD.US,387.0299988,0.00292608466,1.132482542,entry,2,2,,,,
2026-04-27,2026-04-24,sell,UFO.US,51.15599823,0.0178769279,0.9145120923,weak,38,36,0.03481332677,21,-0.03145545185,0.1308788758
2026-04-27,2026-04-24,buy,XES.US,127.2699966,0.00718560632,0.9145120923,entry,1,4,,,,
2026-05-07,2026-05-06,sell,XES.US,124.7799988,0.00718560632,0.8966199479,weak,35,31,-0.01956468869,10,-0.02828630918,0.02600774161
2026-05-07,2026-05-06,buy,QTUM.US,143.8399963,0.006233453634,0.8966199479,entry,2,2,,,,
2026-06-11,2026-06-10,sell,XSD.US,568.6599731,0.00292608466,1.663947224,hysteresis,40,35,0.4692917214,58,-0.00987005487,0.7004883774
2026-06-11,2026-06-10,buy,XHS.US,120.7399979,0.01378124278,1.663947224,entry,1,1,,,,
2026-06-30,2026-06-29,sell,SMH.US,636.0700073,0.001389247416,0.883658614,hysteresis,23,21,0.5031074678,82,-0.00127610305,0.5876125334
2026-06-30,2026-06-29,sell,QTUM.US,160.9299927,0.006233453634,1.003149648,hysteresis,30,27,0.1188125471,54,-0.04296435507,0.1818687731
2026-06-30,2026-06-29,buy,CIBR.US,87.81999969,0.01074247477,0.9434041308,entry,2,4,,,,
2026-06-30,2026-06-29,buy,XLV.US,161.0099945,0.005859289255,0.9434041308,entry,3,5,,,,
2026-07-16,2026-07-15,sell,XLV.US,160.3500061,0.005859289255,0.9395370678,hysteresis,34,28,-0.004099052393,16,-0.02335255348,0.02856969294
2026-07-16,2026-07-15,buy,KBE.US,69.62000275,0.01349521733,0.9395370678,entry,1,2,,,,
2026-07-22,2026-07-21,sell,CIBR.US,90.56500244,0.01074247477,0.9728922535,weak,34,31,0.03125714821,22,-0.002846731962,0.09268958572
2026-07-22,2026-07-21,buy,XTN.US,115.7600021,0.008404390425,0.9728922535,entry,1,1,,,,
2026-07-24,2026-07-23,sell,XHS.US,133.1799927,0.01378124278,1.835385813,hysteresis,27,21,0.1030312658,43,-0.004720885414,0.1505714811
2026-07-24,2026-07-23,sell,XTN.US,113.5199966,0.008404390425,0.9540663728,weak,38,37,-0.01935042719,2,-0.02531099042,0.002073236518
2026-07-24,2026-07-23,buy,XOP.US,175.4299927,0.007950328627,1.394726093,entry,1,1,,,,
2026-07-24,2026-07-23,buy,MLPX.US,77.55000305,0.01798486187,1.394726093,entry,2,3,,,,
2026-07-28,2026-07-27,sell,MLPX.US,74.94999695,0.01798486187,1.347965342,weak,37,33,-0.03352683432,4,-0.03829788657,0.01018688917
2026-07-28,2026-07-27,buy,XAR.US,272.3099976,0.004950113306,1.347965342,entry,1,3,,,,
2026-07-29,2026-07-28,sell,XOP.US,170.8999939,0.007950328627,1.358711114,weak,34,31,-0.02582225941,5,-0.05723076843,0.01242665465
2026-07-29,2026-07-28,buy,KIE.US,65.65000153,0.02069628457,1.358711114,entry,1,1,,,,
2026-07-31,2026-07-30,sell,XAR.US,264.4400024,0.004950113306,1.309007975,hysteresis,31,30,-0.02890086735,3,-0.06382433638,0.0002570868673
2026-07-31,2026-07-30,buy,XHE.US,89.62000275,0.01460620324,1.309007975,entry,1,1,,,,
2026-08-05,2026-08-04,sell,KIE.US,65.08999634,0.02069628457,1.347121087,hysteresis,38,34,-0.008530162604,7,-0.02924603106,0.008682401852
2026-08-05,2026-08-04,buy,IGV.US,103.3499985,0.01303455353,1.347121087,entry,1,1,,,,
2026-08-07,2026-08-06,sell,KBE.US,70.16999817,0.01349521733,0.9469593756,hysteresis,34,30,0.007899962664,22,-0.02528012161,0.03073828361
2026-08-07,2026-08-06,buy,SHLD.US,68.34999847,0.01385456323,0.9469593756,entry,1,3,,,,
2026-08-24,2026-08-21,sell,SHLD.US,66.84999847,0.01385456323,0.9261775308,weak,36,34,-0.02194586735,17,-0.02253110388,0.04081932667
2026-08-24,2026-08-21,buy,GDX.US,103.9800034,0.008907265829,0.9261775308,entry,1,1,,,,
2026-08-26,2026-08-25,sell,IGV.US,99.80999756,0.01303455353,1.300978756,hysteresis,23,24,-0.03425254928,21,-0.05553940927,0.03289793494
2026-08-26,2026-08-25,buy,SIL.US,100.6699982,0.01292320234,1.300978756,entry,2,2,,,,
