trade_date,equity,cash,cash_ratio,n_positions,daily_return,drawdown,turnover,positions
2021-11-24,1.012744386,0,0,1,0.01274438555,0,0.5,XLY.US
2021-11-26,0.9851316116,0,0,1,-0.02726529456,-0.02726529456,0,XLY.US
2021-11-29,1.000434524,0,0,1,0.0155338759,-0.01215495436,0,XLY.US
2021-11-30,0.9869177334,0,0,1,-0.0135109196,-0.02550164934,0,XLY.US
2021-12-01,0.9691045422,0,0,1,-0.01804931715,-0.04309067913,0,XLY.US
2021-12-02,0.982910966,0,0,1,0.01424657838,-0.02945799549,0,XLY.US
2021-12-03,0.9637943509,0,0,1,-0.01944897943,-0.04833404697,0,XLY.US
2021-12-06,0.9748008623,0,0,1,0.01141997921,-0.03746604157,0,XLY.US
2021-12-07,0.9975380424,0,0,1,0.02332494867,-0.0150149864,0,XLY.US
2021-12-08,1.001723844,0,0,1,0.004196132112,-0.01088185916,1.000725871,XSD.US
2021-12-09,0.9743521281,0,0,1,-0.02732461237,-0.03790912895,0,XSD.US
2021-12-10,0.9760830177,0,0,1,0.001776451867,-0.03620002082,0,XSD.US
2021-12-13,0.9507641576,0,0,1,-0.02593924864,-0.06120026812,0,XSD.US
2021-12-14,0.9413048558,0,0,1,-0.009949156965,-0.07054053401,0,XSD.US
2021-12-15,0.9553249101,0,0,1,0.01489427597,-0.05669690822,1.004874917,XLP.US
2021-12-16,0.9621154368,0,0,1,0.007108080912,-0.04999183352,0,XLP.US
2021-12-17,0.9456420846,0,0,1,-0.01712201217,-0.06625788491,0,XLP.US
2021-12-20,0.9394803476,0,0,1,-0.006515929304,-0.07234208252,0,XLP.US
2021-12-21,0.938222864,0,0,1,-0.001338488493,-0.07358374197,0,XLP.US
2021-12-22,0.9441331426,0,0,1,0.006299439979,-0.06774783836,0,XLP.US
2021-12-23,0.9462708744,0,0,1,0.002264227022,-0.06563700782,0,XLP.US
2021-12-27,0.9690942994,0,0,1,0.02411933583,-0.04310079303,1.000664492,SMH.US
2021-12-28,0.9595429679,0,0,1,-0.00985593613,-0.05253193049,0,SMH.US
2021-12-29,0.9593899388,0,0,1,-0.0001594812168,-0.05268303385,0,SMH.US
2021-12-30,0.9484915216,0,0,1,-0.01135973678,-0.06344430524,0,SMH.US
2021-12-31,0.9507247038,0,0,1,0.002354456683,-0.06123922542,1.000613247,XLRE.US
2022-01-03,0.9419166087,0,0,1,-0.009264611649,-0.06993647943,0,XLRE.US
2022-01-04,0.9382465515,0,0,1,-0.003896371631,-0.07356035255,0,XLRE.US
2022-01-05,0.92589772,0,0,1,-0.01316160611,-0.08575378627,0.9966751031,XLE.US
2022-01-06,0.9465462203,0,0,1,0.02230105973,-0.06536512685,0,XLE.US
2022-01-07,0.9595297787,0,0,1,0.01371677168,-0.0525449537,0,XLE.US
2022-01-10,0.9565576669,0,0,1,-0.003097467007,-0.05547966444,0,XLE.US
2022-01-11,0.9890946742,0,0,1,0.03401468462,-0.02335210311,0,XLE.US
2022-01-12,0.9909717944,0,0,1,0.001897816428,-0.02149860469,0,XLE.US
2022-01-13,0.9859661009,0,0,1,-0.005051297593,-0.02644130643,0,XLE.US
2022-01-14,1.009117508,0,0,1,0.02348093583,-0.00358123722,0,XLE.US
2022-01-18,1.013184552,0,0,1,0.004030297601,0,0,XLE.US
2022-01-19,1.005832533,0,0,1,-0.007256347316,-0.007256347316,0,XLE.US
2022-01-20,0.9966032144,0,0,1,-0.009175799989,-0.01636556451,0,XLE.US
2022-01-21,0.9768933039,0,0,1,-0.01977708899,-0.03581899028,0,XLE.US
2022-01-24,0.9834632542,0,0,1,0.006725350902,-0.02933453466,0,XLE.US
2022-01-25,1.021631682,0,0,1,0.03881022218,0,0,XLE.US
2022-01-26,1.019910963,0,0,1,-0.001684284405,-0.001684284405,0,XLE.US
2022-01-27,1.031017461,0,0,1,0.01088967404,0,0,XLE.US
2022-01-28,1.026637375,0,0,1,-0.004248314264,-0.004248314264,0,XLE.US
2022-01-31,1.031173803,0,0,1,0.00441872509,0,0,XLE.US
2022-02-01,1.067934376,0,0,1,0.03564924969,0,0,XLE.US
2022-02-02,1.071375812,0,0,1,0.00322251694,0,0,XLE.US
2022-02-03,1.061207964,0,0,1,-0.009490459135,-0.009490459135,0,XLE.US
2022-02-04,1.07778942,0,0,1,0.01562507732,0,0,XLE.US
2022-02-07,1.091555048,0,0,1,0.01277209338,0,0,XLE.US
2022-02-08,1.068090837,0,0,1,-0.02149613107,-0.02149613107,0,XLE.US
2022-02-09,1.077007232,0,0,1,0.00834797459,-0.01332760564,0,XLE.US
2022-02-10,1.070280821,0,0,1,-0.006245465718,-0.01948983425,0,XLE.US
2022-02-11,1.069347532,0,0,1,-0.000872003523,-0.02034484257,1.006723167,COPX.US
2022-02-14,1.076427579,0,0,1,0.006620904018,-0.0138586398,0,COPX.US
2022-02-15,1.081147611,0,0,1,0.004384903983,-0.009534504625,0,COPX.US
2022-02-16,1.091112133,0,0,1,0.00921661587,-0.0004057646213,0,COPX.US
2022-02-17,1.076427579,0,0,1,-0.0134583361,-0.0138586398,0,COPX.US
2022-02-18,1.071445368,0,0,1,-0.004628468459,-0.01842296399,0,COPX.US
2022-02-22,1.070134271,0,0,1,-0.001223671961,-0.01962409228,0,COPX.US
2022-02-23,1.063316403,0,0,1,-0.006371039634,-0.02587010605,0,COPX.US
2022-02-24,1.055187537,0,0,1,-0.007644822797,-0.03331715647,0,COPX.US
2022-02-25,1.09845436,0,0,1,0.04100391755,0,0,COPX.US
2022-02-28,1.117072207,0,0,1,0.01694913093,0,0,COPX.US
2022-03-01,1.117334486,0,0,1,0.0002347919387,0,0,COPX.US
2022-03-02,1.150112428,0,0,1,0.02933583624,0,0,COPX.US
2022-03-03,1.17685924,0,0,1,0.02325582407,0,0,COPX.US
2022-03-04,1.166894718,0,0,1,-0.008467046771,-0.008467046771,0,COPX.US
2022-03-07,1.130707843,0,0,1,-0.03101125996,-0.03921573294,0,COPX.US
2022-03-08,1.117334486,0,0,1,-0.01182741962,-0.05057933163,0,COPX.US
2022-03-09,1.124152254,0,0,1,0.006101814546,-0.04478614279,0,COPX.US
2022-03-10,1.14880133,0,0,1,0.0219268128,-0.02384134736,0,COPX.US
2022-03-11,1.125463352,0,0,1,-0.02031506908,-0.04367207782,0,COPX.US
2022-03-14,1.0761654,0,0,1,-0.04380236099,-0.08556149869,0,COPX.US
2022-03-15,1.041551026,0,0,1,-0.03216454778,-0.1149739996,0.9722222377,KRE.US
2022-03-16,1.074302366,0,0,1,0.03144477718,-0.08714455418,0,KRE.US
2022-03-17,1.062647603,0,0,1,-0.01084868057,-0.09704783131,0,KRE.US
2022-03-18,1.079420092,0,0,1,0.01578367889,-0.08279592423,0.9973621763,XTN.US
2022-03-21,1.059364132,0,0,1,-0.01858030952,-0.09983785985,0,XTN.US
2022-03-22,1.073295277,0,0,1,0.01315047811,-0.08800029733,0,XTN.US
2022-03-23,1.056121589,0,0,1,-0.01600089808,-0.1025931116,0,XTN.US
2022-03-24,1.087720745,0,0,1,0.02991999792,-0.07574269939,1.009097059,XME.US
2022-03-25,1.08806437,0,0,1,0.0003159130837,-0.07545071441,0,XME.US
2022-03-28,1.062980253,0,0,1,-0.02305389005,-0.09676517199,0,XME.US
2022-03-29,1.047861137,0,0,1,-0.01422332744,-0.1096121767,0,XME.US
2022-03-30,1.059372287,0,0,1,0.01098537712,-0.09983093068,0,XME.US
2022-03-31,1.053015384,0,0,1,-0.006000631411,-0.1052325135,0,XME.US
2022-04-01,1.072429717,0,0,1,0.01843689405,-0.08873578012,0,XME.US
2022-04-04,1.06641644,0,0,1,-0.005607152906,-0.09384537794,0,XME.US
2022-04-05,1.040645139,0,0,1,-0.02416626401,-0.1157437498,0,XME.US
2022-04-06,1.033257361,0,0,1,-0.007099229112,-0.1220212875,0,XME.US
2022-04-07,1.056451571,0,0,1,0.0224476605,-0.1023127194,0,XME.US
2022-04-08,1.05438982,0,0,1,-0.001951581449,-0.1040646293,0,XME.US
2022-04-11,1.04459673,0,0,1,-0.009287920886,-0.1123860061,0,XME.US
2022-04-12,1.070883502,0,0,1,0.02516451666,-0.09004962897,0,XME.US
2022-04-13,1.119505389,0,0,1,0.04540352556,-0.04873467404,0,XME.US
2022-04-14,1.131360098,0,0,1,0.01058923839,-0.03866149874,0,XME.US
2022-04-18,1.126377631,0,0,1,-0.004403962373,-0.04289519733,0,XME.US
2022-04-19,1.127752132,0,0,1,0.001220284229,-0.04172725743,0,XME.US
2022-04-20,1.126893036,0,0,1,-0.0007617771515,-0.04245724771,0,XME.US
2022-04-21,1.057310601,0,0,1,-0.06174715122,-0.1015827848,0,XME.US
2022-04-22,1.003706247,0,0,1,-0.05069877641,-0.1471314383,0,XME.US
2022-04-25,0.9711391267,0,0,1,-0.03244686461,-0.1748043491,0.9709004279,XLRE.US
2022-04-26,0.9559218377,0,0,1,-0.01566952518,-0.1877347731,0,XLRE.US
2022-04-27,0.9501907117,0,0,1,-0.005995391921,-0.1926046215,0,XLRE.US
2022-04-28,0.9675818345,0,0,1,0.0183027708,-0.177827049,0,XLRE.US
2022-04-29,0.9209418475,0,0,1,-0.04820262775,-0.2174579457,0,XLRE.US
2022-05-02,0.9194976111,0,0,1,-0.001568216743,-0.2186851412,1.002789723,XLB.US
2022-05-03,0.9298022822,0,0,1,0.0112068493,-0.2099290633,0,XLB.US
2022-05-04,0.9599568456,0,0,1,0.03243115655,-0.1843061491,0,XLB.US
2022-05-05,0.930236171,0,0,1,-0.03096042784,-0.2095603797,0,XLB.US
2022-05-06,0.9168943614,0,0,1,-0.01434238953,-0.2208971726,0,XLB.US
2022-05-09,0.8879329714,0,0,1,-0.03158639782,-0.2455062245,0,XLB.US
2022-05-10,0.8824009935,0,0,1,-0.006230175085,-0.2502068528,0,XLB.US
2022-05-11,0.8828348822,0,0,1,0.0004917137834,-0.2498381692,0,XLB.US
2022-05-12,0.8812078202,0,0,1,-0.001842997014,-0.2512207152,0,XLB.US
2022-05-13,0.8947665327,0,0,1,0.01538650951,-0.2396996156,0,XLB.US
2022-05-16,0.8931394706,0,0,1,-0.001818420775,-0.2410821616,0,XLB.US
2022-05-17,0.9184129306,0,0,1,0.02829732736,-0.2196068151,0,XLB.US
2022-05-18,0.8898854293,0,0,1,-0.03106173745,-0.2438471833,0,XLB.US
2022-05-19,0.8961766918,0,0,1,0.007069744327,-0.2385013762,0,XLB.US
2022-05-20,0.8940072481,0,0,1,-0.0024207767,-0.2403447944,0,XLB.US
2022-05-23,0.910386196,0,0,1,0.01832082225,-0.2264272864,0,XLB.US
2022-05-24,0.905179614,0,0,1,-0.005719091567,-0.2308514196,0,XLB.US
2022-05-25,0.9091930227,0,0,1,0.004433825765,-0.2274411488,0,XLB.US
2022-05-26,0.9258973664,0,0,1,0.0183727144,-0.2132471456,0,XLB.US
2022-05-27,0.9475913064,0,0,1,0.0234301779,-0.1948133863,0,XLB.US
2022-05-31,0.9331648165,0,0,1,-0.01522437983,-0.2070718531,0,XLB.US
2022-06-01,0.950638447,0,0,1,0.01872512786,-0.1922241722,1.001627332,XOP.US
2022-06-02,0.9508766337,0,0,1,0.0002505545263,-0.1920217803,0,XOP.US
2022-06-03,0.9621880524,0,0,1,0.01189577938,-0.1824102497,0,XOP.US
2022-06-06,0.9705823645,0,0,1,0.008724190723,-0.1752774407,0,XOP.US
2022-06-07,1.007017127,0,0,1,0.03753907356,-0.1443181199,0,XOP.US
2022-06-08,0.9983847192,0,0,1,-0.008572255398,-0.1516532435,0,XOP.US
2022-06-09,0.9851681698,0,0,1,-0.01323793239,-0.1628836005,0,XOP.US
2022-06-10,0.968498639,0,0,1,-0.01692049265,-0.1770480224,0,XOP.US
2022-06-13,0.9081311934,0,0,1,-0.06233095553,-0.2283434056,0,XOP.US
2022-06-14,0.9012848228,0,0,1,-0.007538966482,-0.2341608988,0,XOP.US
2022-06-15,0.88794918,0,0,1,-0.01479625802,-0.2454924517,0,XOP.US
2022-06-16,0.8315704997,0,0,1,-0.06349313851,-0.293398504,0,XOP.US
2022-06-17,0.8191661086,0,0,1,-0.01491682438,-0.3039387544,0.9951317818,GDX.US
2022-06-21,0.8132037894,0,0,1,-0.00727852282,-0.3090050521,0.9986838102,XHS.US
2022-06-22,0.8271438726,0,0,1,0.0171421769,-0.2971598944,0,XHS.US
2022-06-23,0.8575677671,0,0,1,0.0367818653,-0.2713081243,0,XHS.US
2022-06-24,0.8745603706,0,0,1,0.01981488127,-0.2568691813,0,XHS.US
2022-06-27,0.875476181,0,0,1,0.001047166614,-0.2560909995,0,XHS.US
2022-06-28,0.8526837037,0,0,1,-0.0260343775,-0.2754582073,0,XHS.US
2022-06-29,0.8551257354,0,0,1,0.002863936218,-0.2733831658,0,XHS.US
2022-06-30,0.8368103033,0,0,1,-0.02141840828,-0.2889461418,0,XHS.US
2022-07-01,0.8672342754,0,0,1,0.03635707163,-0.2630943058,0,XHS.US
2022-07-05,0.8854478559,0,0,1,0.021001915,-0.247617875,0,XHS.US
2022-07-06,0.8854478559,0,0,1,0,-0.247617875,0,XHS.US
2022-07-07,0.9193313666,0,0,1,0.03826708756,-0.2188264024,0,XHS.US
2022-07-08,0.9241137337,0,0,1,0.005202005851,-0.2147627327,0,XHS.US
2022-07-11,0.8984722064,0,0,1,-0.02774715538,-0.2365508332,0,XHS.US
2022-07-12,0.8989809209,0,0,1,0.0005661995542,-0.2361185686,0,XHS.US
2022-07-13,0.8969459074,0,0,1,-0.002263689323,-0.2378477589,0,XHS.US
2022-07-14,0.893384595,0,0,1,-0.003970487443,-0.2408738748,0,XHS.US
2022-07-15,0.9200436291,0,0,1,0.02984049005,-0.2182211792,0,XHS.US
2022-07-18,0.9072229042,0,0,1,-0.01393490967,-0.2291151964,0,XHS.US
2022-07-19,0.9319486211,0,0,1,0.02725429089,-0.2081052778,0,XHS.US
2022-07-20,0.9375450247,0,0,1,0.006005055942,-0.2033499056,0,XHS.US
2022-07-21,0.9658321318,0,0,1,0.03017146514,-0.1793138051,0,XHS.US
2022-07-22,0.9559621532,0,0,1,-0.01021914496,-0.1877005163,0,XHS.US
2022-07-25,0.9574884522,0,0,1,0.001596610226,-0.1864035906,0,XHS.US
2022-07-26,0.955656909,0,0,1,-0.001912861935,-0.1879598882,0,XHS.US
2022-07-27,0.9659339057,0,0,1,0.010753856,-0.1792273258,0,XHS.US
2022-07-28,0.9684777114,0,0,1,0.002633519427,-0.177065805,0,XHS.US
2022-07-29,1.000776843,0,0,1,0.03335041282,-0.1496206099,0.9990543815,TAN.US
2022-08-01,0.9748130026,0,0,1,-0.02594368621,-0.1716825859,0,TAN.US
2022-08-02,0.9844032411,0,0,1,0.009838028912,-0.1635335753,0,TAN.US
2022-08-03,0.956334222,0,0,1,-0.02851374098,-0.1873843622,0,TAN.US
2022-08-04,0.9760995056,0,0,1,0.02066775726,-0.1705894195,0,TAN.US
2022-08-05,0.9914204735,0,0,1,0.01569611278,-0.1575708975,0,TAN.US
2022-08-08,0.9984377952,0,0,1,0.00707804798,-0.1516081439,0,TAN.US
2022-08-09,1.004051545,0,0,1,0.005622533819,-0.146838032,0,TAN.US
2022-08-10,1.054107917,0,0,1,0.04985438387,-0.1043041677,0,TAN.US
2022-08-11,1.028378035,0,0,1,-0.02440915361,-0.1261673449,0,TAN.US
2022-08-12,1.041827782,0,0,1,0.01307860255,-0.1147388349,0,TAN.US
2022-08-15,1.039605624,0,0,1,-0.002132941597,-0.1166270453,0,TAN.US
2022-08-16,1.025103332,0,0,1,-0.01394980169,-0.1289499228,0,TAN.US
2022-08-17,0.9954656145,0,0,1,-0.02891193175,-0.1541336632,0.983456879,XRT.US
2022-08-18,0.9884368236,0,0,1,-0.007060807317,-0.1601061624,0,XRT.US
2022-08-19,0.9567384455,0,0,1,-0.03206919984,-0.1870408857,0,XRT.US
2022-08-22,0.9265561885,0,0,1,-0.03154703068,-0.2126873318,0,XRT.US
2022-08-23,0.9363540178,0,0,1,0.01057445782,-0.2043619272,1.006990831,XOP.US
2022-08-24,0.9548077995,0,0,1,0.01970812467,-0.1886813929,0,XOP.US
2022-08-25,0.9604269765,0,0,1,0.00588513937,-0.1839066698,0,XOP.US
2022-08-26,0.9514873679,0,0,1,-0.009307952405,-0.1915028277,0,XOP.US
2022-08-29,0.9631088298,0,0,1,0.01221399498,-0.1816278473,0,XOP.US
2022-08-30,0.9150268287,0,0,1,-0.04992374652,-0.2224840512,0,XOP.US
2022-08-31,0.924285629,0,0,1,0.01011861073,-0.21461667,0,XOP.US
2022-09-01,0.8883358356,0,0,1,-0.03889467967,-0.245163903,0,XOP.US
2022-09-02,0.9056326528,0,0,1,0.01947103398,-0.2304664637,1.033136866,XLU.US
2022-09-06,0.9079392536,0,0,1,0.002546949669,-0.2285065006,0,XLU.US
2022-09-07,0.9363464538,0,0,1,0.03128755595,-0.2043683545,0,XLU.US
2022-09-08,0.9356180925,0,0,1,-0.0007778758036,-0.2049872571,0,XLU.US
2022-09-09,0.9393814158,0,0,1,0.004022285712,-0.2017894887,0,XLU.US
2022-09-12,0.9483649701,0,0,1,0.009563265953,-0.1941559893,0,XLU.US
2022-09-13,0.9231140638,0,0,1,-0.02662572655,-0.2156121716,0,XLU.US
2022-09-14,0.9306408029,0,0,1,0.008153639389,-0.2092165561,0,XLU.US
2022-09-15,0.9074536485,0,0,1,-0.0249152566,-0.2289191285,0,XLU.US
2022-09-16,0.8876505122,0,0,1,-0.02182275241,-0.2457462355,0.9963880048,MLPX.US
2022-09-19,0.8919428424,0,0,1,0.004835608317,-0.2420989597,0,MLPX.US
2022-09-20,0.8874358507,0,0,1,-0.005053005107,-0.2459286375,0,MLPX.US
2022-09-21,0.8749881832,0,0,1,-0.01402655472,-0.2565056608,0,MLPX.US
2022-09-22,0.8623258541,0,0,1,-0.01447142865,-0.267265086,0,MLPX.US
2022-09-23,0.8052380835,0,0,1,-0.06620208629,-0.315773666,0,MLPX.US
2022-09-26,0.7823421264,0,0,1,-0.02843377324,-0.3352288025,0.9930703056,XLU.US
2022-09-27,0.7691597194,0,0,1,-0.01684992611,-0.346430148,0,XLU.US
2022-09-28,0.7774266266,0,0,1,0.01074797212,-0.3394055975,0,XLU.US
2022-09-29,0.7816392116,0,0,1,0.005418627139,-0.3358260827,0.9948269435,XHS.US
2022-09-30,0.7690250423,0,0,1,-0.01613809691,-0.3465445858,0,XHS.US
2022-10-03,0.7886470315,0,0,1,0.02551540996,-0.329871403,0,XHS.US
2022-10-04,0.8137001363,0,0,1,0.03176719593,-0.3085832965,0,XHS.US
2022-10-05,0.8070426506,0,0,1,-0.008181743366,-0.3142402906,0,XHS.US
2022-10-06,0.8251193172,0,0,1,0.02239865096,-0.2988801982,1.004667321,XES.US
2022-10-07,0.8182198875,0,0,1,-0.008361735835,-0.3047427768,0,XES.US
2022-10-10,0.7931775669,0,0,1,-0.0306058566,-0.3260217196,0,XES.US
2022-10-11,0.7850004379,0,0,1,-0.01030932966,-0.3329699839,0,XES.US
2022-10-12,0.7825728824,0,0,1,-0.003092425634,-0.3350327246,0,XES.US
2022-10-13,0.8221806333,0,0,1,0.05061221999,-0.3013772546,0,XES.US
2022-10-14,0.7888334869,0,0,1,-0.04055939173,-0.3297129682,0,XES.US
2022-10-17,0.8118315374,0,0,1,0.0291545058,-0.3101710811,0,XES.US
2022-10-18,0.8248637286,0,0,1,0.01605282701,-0.2990973768,0,XES.US
2022-10-19,0.8642159884,0,0,1,0.04770758903,-0.2656590025,0,XES.US
2022-10-20,0.8729041484,0,0,1,0.01005322755,-0.2582765053,0,XES.US
2022-10-21,0.9058680581,0,0,1,0.03776349301,-0.2302664353,0,XES.US
2022-10-24,0.9232443781,0,0,1,0.0191819546,-0.215501441,0,XES.US
2022-10-25,0.9279716947,0,0,1,0.005120330837,-0.2114845488,0,XES.US
2022-10-26,0.9732012249,0,0,1,0.04874020445,-0.1730521445,0,XES.US
2022-10-27,0.9701348441,0,0,1,-0.00315081882,-0.1756577074,0,XES.US
2022-10-28,0.9703903352,0,0,1,0.0002633562885,-0.1754406117,0,XES.US
2022-10-31,1.003226451,0,0,1,0.03383804869,-0.147539131,0,XES.US
2022-11-01,0.9945382907,0,0,1,-0.008660218215,-0.1549216281,0,XES.US
2022-11-02,0.9715402889,0,0,1,-0.02312429994,-0.1744634738,0,XES.US
2022-11-03,1.004120816,0,0,1,0.03353492098,-0.1467791717,0,XES.US
2022-11-04,1.020091691,0,0,1,0.01590533221,-0.1332084109,0,XES.US
2022-11-07,1.054461045,0,0,1,0.03369241689,-0.1040041074,0,XES.US
2022-11-08,1.055483205,0,0,1,0.0009693666817,-0.1031355588,0,XES.US
2022-11-09,0.9927495604,0,0,1,-0.05943594753,-0.1564415467,0,XES.US
2022-11-10,1.026863424,0,0,1,0.03436301034,-0.1274543388,0,XES.US
2022-11-11,1.057144141,0,0,1,0.02948855339,-0.1017242295,0,XES.US
2022-11-14,1.036062566,0,0,1,-0.0199420059,-0.1196376502,0,XES.US
2022-11-15,1.025078827,0,0,1,-0.01060142411,-0.1289707449,1.01035891,GDX.US
2022-11-16,1.013300554,0,0,1,-0.01149011456,-0.1389789708,0,GDX.US
2022-11-17,0.998209633,0,0,1,-0.01489283826,-0.1518020177,0,GDX.US
2022-11-18,1.00602464,0,0,1,0.007829023768,-0.1451614555,0.9970501504,XLE.US
2022-11-21,0.9924104476,0,0,1,-0.01353266289,-0.1567296974,0,XLE.US
2022-11-22,1.004684693,0,0,1,0.01236811425,-0.146300034,1.012501353,XLP.US
2022-11-23,1.008124415,0,0,1,0.003423683151,-0.1433772358,0,XLP.US
2022-11-25,1.008785955,0,0,1,0.0006562080546,-0.142815113,0,XLP.US
2022-11-28,1.004949249,0,0,1,-0.003803290695,-0.1460752363,0,XLP.US
2022-11-29,1.001112542,0,0,1,-0.00381781094,-0.1493353596,0,XLP.US
2022-11-30,1.021222168,0,0,1,0.02008727778,-0.1322478227,0,XLP.US
2022-12-01,1.016591594,0,0,1,-0.004534345025,-0.1361825105,0,XLP.US
2022-12-02,1.0306667,0,0,1,0.01384538852,-0.1242226217,0.9927121605,COPX.US
2022-12-05,1.009182838,0,0,1,-0.02084462605,-0.1424778737,0,COPX.US
2022-12-06,1.00639277,0,0,1,-0.002764680099,-0.144848648,0,COPX.US
2022-12-07,1.002765597,0,0,1,-0.003604132776,-0.147930727,0,COPX.US
2022-12-08,1.024249459,0,0,1,0.02142461011,-0.1296754751,0,COPX.US
2022-12-09,1.019785287,0,0,1,-0.004358481378,-0.1334687683,0,COPX.US
2022-12-12,1.013647117,0,0,1,-0.006019081001,-0.13868449,0,COPX.US
2022-12-13,1.030387736,0,0,1,0.0165152338,-0.124459663,0,COPX.US
2022-12-14,1.032340804,0,0,1,0.001895469652,-0.1228001028,0,COPX.US
2022-12-15,0.9935582886,0,0,1,-0.03756755107,-0.1557543548,0,COPX.US
2022-12-16,0.9966274269,0,0,1,0.003089037025,-0.1531464487,0,COPX.US
2022-12-19,0.9879780467,0,0,1,-0.008678649572,-0.1604959939,0,COPX.US
2022-12-20,0.998301425,0,0,1,0.01044899558,-0.1517240203,0,COPX.US
2022-12-21,1.025086565,0,0,1,0.02683071358,-0.1289641704,0,COPX.US
2022-12-22,0.9885360816,0,0,1,-0.03565599656,-0.160021821,0,COPX.US
2022-12-23,1.005276701,0,0,1,0.0169347578,-0.1457969939,0,COPX.US
2022-12-27,1.017832218,0,0,1,0.0124896136,-0.1351283284,0,COPX.US
2022-12-28,1.005834736,0,0,1,-0.01178728922,-0.145322821,0,COPX.US
2022-12-29,1.004997737,0,0,1,-0.0008321436874,-0.1460340352,0,COPX.US
2022-12-30,1.002468566,0,0,1,-0.002516593276,-0.1481831202,0.994447508,IHI.US
2023-01-03,1.003422012,0,0,1,0.0009510982947,-0.1473729586,0,IHI.US
2023-01-04,1.022681959,0,0,1,0.01919426372,-0.1310074103,0,IHI.US
2023-01-05,1.016389083,0,0,1,-0.006153306442,-0.136354588,0,IHI.US
2023-01-06,1.017914655,0,0,1,0.001500972462,-0.1350582801,0,IHI.US
2023-01-09,0.999476384,0,0,1,-0.01811376945,-0.150725635,1.00355936,GDX.US
2023-01-10,1.018020729,0,0,1,0.01855406012,-0.1349681473,0,GDX.US
2023-01-11,1.009388001,0,0,1,-0.008479913834,-0.1423035429,0,GDX.US
2023-01-12,1.028891558,0,0,1,0.01932216079,-0.125730994,0,GDX.US
2023-01-13,1.043918913,0,0,1,0.01460538273,-0.1129619606,0,GDX.US
2023-01-17,1.007789375,0,0,1,-0.03460952574,-0.1436619265,0,GDX.US
2023-01-18,0.9729792186,0,0,1,-0.03454110235,-0.1732407875,1.017132008,XES.US
2023-01-19,0.9743898769,0,0,1,0.001449833895,-0.172042124,0,XES.US
2023-01-20,0.9927279857,0,0,1,0.01882009374,-0.1564598791,0,XES.US
2023-01-23,0.9926104981,0,0,1,-0.0001183482202,-0.1565597106,0,XES.US
2023-01-24,0.9906423863,0,0,1,-0.00198276347,-0.1582320532,0.9971576802,BOTZ.US
2023-01-25,0.9919223153,0,0,1,0.001292019274,-0.1571444728,0,BOTZ.US
2023-01-26,1.001734861,0,0,1,0.00989245343,-0.1488065637,0,BOTZ.US
2023-01-27,1.014107264,0,0,1,0.0123509762,-0.1382934939,0,BOTZ.US
2023-01-30,1.000455013,0,0,1,-0.0134623344,-0.149894075,0,BOTZ.US
2023-01-31,1.015387112,0,0,1,0.01492530758,-0.1372059826,0,BOTZ.US
2023-02-01,1.048664535,0,0,1,0.03277313914,-0.1089295142,0,BOTZ.US
2023-02-02,1.064450001,0,0,1,0.01505292272,-0.09551629906,0,BOTZ.US
2023-02-03,1.047384606,0,0,1,-0.0160321248,-0.1100170946,0,BOTZ.US
2023-02-06,1.031599221,0,0,1,-0.01507124006,-0.1234302406,0,BOTZ.US
2023-02-07,1.052077598,0,0,1,0.01985109744,-0.1060293689,0,BOTZ.US
2023-02-08,1.03586557,0,0,1,-0.01540953622,-0.1198050417,0,BOTZ.US
2023-02-09,1.024773095,0,0,1,-0.0107084111,-0.1292305312,0,BOTZ.US
2023-02-10,1.018373613,0,0,1,-0.006244780003,-0.134668295,0,BOTZ.US
2023-02-13,1.023919809,0,0,1,0.005446131387,-0.1299555848,0,BOTZ.US
2023-02-14,1.034585641,0,0,1,0.01041666667,-0.1208926222,0,BOTZ.US
2023-02-15,1.03586557,0,0,1,0.001237141717,-0.1198050417,0,BOTZ.US
2023-02-16,1.021786676,0,0,1,-0.01359142975,-0.1317681497,0,BOTZ.US
2023-02-17,1.008557455,0,0,1,-0.01294714504,-0.1430092734,0.9878914027,XHS.US
2023-02-21,0.9809257241,0,0,1,-0.02739728025,-0.1664884885,0,XHS.US
2023-02-22,0.9882085041,0,0,1,0.007424394938,-0.1603001699,0,XHS.US
2023-02-23,0.9884227492,0,0,1,0.0002168014868,-0.1601181217,0,XHS.US
2023-02-24,0.9755707412,0,0,1,-0.01300254162,-0.1710387208,0,XHS.US
2023-02-27,0.9779269468,0,0,1,0.002415207263,-0.1690366075,0,XHS.US
2023-02-28,0.9751424145,0,0,1,-0.002847382694,-0.1714026782,0,XHS.US
2023-03-01,0.9623853659,0,0,1,-0.01308224161,-0.1822425886,0.9931905247,BOTZ.US
2023-03-02,0.9652398862,0,0,1,0.002966088716,-0.1798170476,0,BOTZ.US
2023-03-03,0.9954163667,0,0,1,0.0312631926,-0.15417551,0,BOTZ.US
2023-03-06,0.9909306474,0,0,1,-0.004506374889,-0.1579871122,0,BOTZ.US
2023-03-07,0.9750268466,0,0,1,-0.0160493581,-0.1715008786,0,BOTZ.US
2023-03-08,0.9868528056,0,0,1,0.01212885476,-0.161452133,0,BOTZ.US
2023-03-09,0.9705411272,0,0,1,-0.01652898815,-0.1753124808,0,BOTZ.US
2023-03-10,0.9497438852,0,0,1,-0.02142850159,-0.1929842986,0,BOTZ.US
2023-03-13,0.9505594068,0,0,1,0.0008586753812,-0.1922913341,0,BOTZ.US
2023-03-14,0.9668710074,0,0,1,0.01716000119,-0.1784310524,0,BOTZ.US
2023-03-15,0.9444425664,0,0,1,-0.02319693202,-0.1974889315,0,BOTZ.US
2023-03-16,0.9782891667,0,0,1,0.03583764806,-0.1687288222,0,BOTZ.US
2023-03-17,0.9689100061,0,0,1,-0.009587309063,-0.1766984759,0,BOTZ.US
2023-03-20,0.9807358873,0,0,1,0.01220534534,-0.1666497965,0,BOTZ.US
2023-03-21,0.9994942863,0,0,1,0.01912686097,-0.150710423,0,BOTZ.US
2023-03-22,0.988076127,0,0,1,-0.01142393652,-0.1604126532,0,BOTZ.US
2023-03-23,0.9970475656,0,0,1,0.009079703874,-0.1527894487,0,BOTZ.US
2023-03-24,0.9933774458,0,0,1,-0.003680987721,-0.1559080204,0,BOTZ.US
2023-03-27,0.9982708871,0,0,1,0.004926064404,-0.1517499689,0,BOTZ.US
2023-03-28,0.9933774458,0,0,1,-0.004901917244,-0.1559080204,0,BOTZ.US
2023-03-29,1.012543567,0,0,1,0.0192938958,-0.1396221977,0,BOTZ.US
2023-03-30,1.020699406,0,0,1,0.008054803204,-0.1326920238,0,BOTZ.US
2023-03-31,1.039865527,0,0,1,0.01877743909,-0.1164062011,0,BOTZ.US
2023-04-03,1.038234328,0,0,1,-0.001568663354,-0.1177922623,0,BOTZ.US
2023-04-04,1.022330527,0,0,1,-0.01531812269,-0.1313060287,0,BOTZ.US
2023-04-05,1.002756606,0,0,1,-0.01914637208,-0.1479383667,0,BOTZ.US
2023-04-06,1.002110674,0,0,1,-0.000644156884,-0.1484872281,0.9926799388,GDX.US
2023-04-10,0.9893041877,0,0,1,-0.01277951272,-0.1593691463,0,GDX.US
2023-04-11,1.006476579,0,0,1,0.01735805012,-0.1447774339,0,GDX.US
2023-04-12,1.016372425,0,0,1,0.009832166567,-0.1363687431,0,GDX.US
2023-04-13,1.044022901,0,0,1,0.02720506337,-0.1128736001,0,GDX.US
2023-04-14,1.021320458,0,0,1,-0.02174515758,-0.1321643034,0,GDX.US
2023-04-17,0.9983268964,0,0,1,-0.02251356261,-0.1517023767,0,GDX.US
2023-04-18,1.005603332,0,0,1,0.0072886299,-0.1455194493,0,GDX.US
2023-04-19,0.9919237089,0,0,1,-0.01360339845,-0.1571432887,0,GDX.US
2023-04-20,0.9957860639,0,0,1,0.003893802542,-0.1538613711,1.006748812,IHI.US
2023-04-21,1.00569793,0,0,1,0.0099538107,-0.1454390674,0,IHI.US
2023-04-24,1.011892804,0,0,1,0.006159776065,-0.1401751634,0,IHI.US
2023-04-25,0.9934851493,0,0,1,-0.01819130898,-0.1558165026,0,IHI.US
2023-04-26,0.9864052354,0,0,1,-0.007126340963,-0.1618324421,0,IHI.US
2023-04-27,0.9945470891,0,0,1,0.008254065822,-0.1549141519,0,IHI.US
2023-04-28,1.004812958,0,0,1,0.01032215421,-0.1461910454,0,IHI.US
2023-05-01,1.003573983,0,0,1,-0.001233040237,-0.1472438262,0,IHI.US
2023-05-02,0.9947241241,0,0,1,-0.008818342033,-0.1547637219,0,IHI.US
2023-05-03,1.000388028,0,0,1,0.00569394467,-0.1499509933,0,IHI.US
2023-05-04,0.9878212452,0,0,1,-0.01256190868,-0.1606292312,0,IHI.US
2023-05-05,0.9938391517,0,0,1,0.006092100774,-0.1555156999,0,IHI.US
2023-05-08,0.9896695933,0,0,1,-0.004195405673,-0.1590586542,0.9994656706,GDX.US
2023-05-09,0.986590853,0,0,1,-0.003110876936,-0.1616747192,0,GDX.US
2023-05-10,0.9795937548,0,0,1,-0.007092198582,-0.1676202886,0,GDX.US
2023-05-11,0.9381709459,0,0,1,-0.04228570121,-0.2028180483,0,GDX.US
2023-05-12,0.9327041594,0,0,1,-0.005827068669,-0.2074632823,0.9994033276,QQQ.US
2023-05-15,0.937754645,0,0,1,0.00541488478,-0.2031717873,0,QQQ.US
2023-05-16,0.9388163948,0,0,1,0.001132225588,-0.202269598,0,QQQ.US
2023-05-17,0.9501799873,0,0,1,0.01210416921,-0.1926137342,0,QQQ.US
2023-05-18,0.9678279908,0,0,1,0.01857332689,-0.1776178852,0,QQQ.US
2023-05-19,0.9656470993,0,0,1,-0.002253387494,-0.1794710308,0,QQQ.US
2023-05-22,0.9688897406,0,0,1,0.003357998276,-0.1767156959,0,QQQ.US
2023-05-23,0.956607878,0,0,1,-0.0126762232,-0.1871518315,0,QQQ.US
2023-05-24,0.9517008721,0,0,1,-0.005129589633,-0.191321409,0,QQQ.US
2023-05-25,0.9748584962,0,0,1,0.02433288105,-0.1716439291,0,QQQ.US
2023-05-26,0.9997665727,0,0,1,0.02555045331,-0.150479056,0,QQQ.US
2023-05-30,1.004300531,0,0,1,0.004535017222,-0.1466264638,0,QQQ.US
2023-05-31,0.9985900392,0,0,1,-0.005686039202,-0.1514787792,0,QQQ.US
2023-06-01,1.010125807,0,0,1,0.01155205609,-0.1416766145,0,QQQ.US
2023-06-02,1.017701536,0,0,1,0.007499786938,-0.135239372,0,QQQ.US
2023-06-05,1.018418934,0,0,1,0.000704920344,-0.1346297846,0,QQQ.US
2023-06-06,1.018246759,0,0,1,-0.0001690617075,-0.1347760856,0,QQQ.US
2023-06-07,1.000971802,0,0,1,-0.01696539285,-0.1494549492,0,QQQ.US
2023-06-08,1.001165387,0,0,1,0.0001933967829,-0.1492904565,1.000860042,XHB.US
2023-06-09,0.9968943217,0,0,1,-0.004266093664,-0.1529196631,0,XHB.US
2023-06-12,1.008239329,0,0,1,0.0113803514,-0.1432795912,0,XHB.US
2023-06-13,1.021586421,0,0,1,0.01323801943,-0.1319383098,0,XHB.US
2023-06-14,1.00810583,0,0,1,-0.01319574241,-0.1433930282,0,XHB.US
2023-06-15,1.024522798,0,0,1,0.01628496461,-0.129443214,0,XHB.US
2023-06-16,1.020652129,0,0,1,-0.003778021202,-0.132732196,0,XHB.US
2023-06-20,1.024389298,0,0,1,0.003661550606,-0.1295566511,0,XHB.US
2023-06-21,1.029594656,0,0,1,0.005081425272,-0.1251335582,0,XHB.US
2023-06-22,1.023988902,0,0,1,-0.005444622404,-0.1298968757,0,XHB.US
2023-06-23,1.025857487,0,0,1,0.001824809534,-0.1283091032,0,XHB.US
2023-06-26,1.032130636,0,0,1,0.006115030145,-0.1229786871,0,XHB.US
2023-06-27,1.061761196,0,0,1,0.02870814908,-0.09780102849,0,XHB.US
2023-06-28,1.057757028,0,0,1,-0.003771251292,-0.1012034475,0,XHB.US
2023-06-29,1.064564073,0,0,1,0.006435358186,-0.09541936977,0,XHB.US
2023-06-30,1.071771515,0,0,1,0.00677032223,-0.08929506742,0,XHB.US
2023-07-03,1.068434742,0,0,1,-0.003113324913,-0.09213038778,0,XHB.US
2023-07-05,1.058290924,0,0,1,-0.009494092533,-0.1007497859,0,XHB.US
2023-07-06,1.036668598,0,0,1,-0.02043136244,-0.1191226929,0,XHB.US
2023-07-07,1.112519926,0,0,1,0.07316834677,-0.05467035667,0.9992275324,XES.US
2023-07-10,1.124896049,0,0,1,0.01112440577,-0.04415412613,0,XES.US
2023-07-11,1.157765973,0,0,1,0.02922040999,-0.01622391781,0,XES.US
2023-07-12,1.165750545,0,0,1,0.006896534185,-0.00943927243,0,XES.US
2023-07-13,1.17466665,0,0,1,0.007648381057,-0.001863086525,0,XES.US
2023-07-14,1.153507527,0,0,1,-0.01801287412,-0.0198424011,0,XES.US
2023-07-17,1.168012822,0,0,1,0.01257494617,-0.007516972055,0,XES.US
2023-07-18,1.200616637,0,0,1,0.02791391901,0,0,XES.US
2023-07-19,1.200483533,0,0,1,-0.000110863845,-0.000110863845,0,XES.US
2023-07-20,1.190769001,0,0,1,-0.008092181964,-0.008202148678,0,XES.US
2023-07-21,1.192898173,0,0,1,0.00178806467,-0.00642874998,0,XES.US
2023-07-24,1.220844228,0,0,1,0.02342702464,0,0,XES.US
2023-07-25,1.229228116,0,0,1,0.00686728687,0,0,XES.US
2023-07-26,1.232421924,0,0,1,0.00259822298,0,0,XES.US
2023-07-27,1.21152891,0,0,1,-0.01695280946,-0.01695280946,0,XES.US
2023-07-28,1.230824969,0,0,1,0.01592703135,-0.001295786047,0,XES.US
2023-07-31,1.255843425,0,0,1,0.02032657505,0,0,XES.US
2023-08-01,1.251717983,0,0,1,-0.003284997128,-0.003284997128,0,XES.US
2023-08-02,1.23787801,0,0,1,-0.01105678229,-0.01430545792,0,XES.US
2023-08-03,1.253980362,0,0,1,0.01300802792,-0.001483515795,0,XES.US
2023-08-04,1.249588811,0,0,1,-0.003502088712,-0.004980409103,0,XES.US
2023-08-07,1.23668037,0,0,1,-0.01033015128,-0.015259112,0,XES.US
2023-08-08,1.243600306,0,0,1,0.005595573457,-0.009748922026,0,XES.US
2023-08-09,1.256907961,0,0,1,0.01070090993,0,0,XES.US
2023-08-10,1.247991856,0,0,1,-0.007093681213,-0.007093681213,0,XES.US
2023-08-11,1.259436448,0,0,1,0.009170405433,0,0,XES.US
2023-08-14,1.244664943,0,0,1,-0.01172866248,-0.01172866248,0,XES.US
2023-08-15,1.222574288,0,0,1,-0.01774827386,-0.02926877283,0,XES.US
2023-08-16,1.217384311,0,0,1,-0.004245122216,-0.03338964553,0,XES.US
2023-08-17,1.211129697,0,0,1,-0.005137748179,-0.03835584612,0,XES.US
2023-08-18,1.229361119,0,0,1,0.01505323684,-0.02387998891,0,XES.US
2023-08-21,1.22057812,0,0,1,-0.007144360818,-0.03085374247,0,XES.US
2023-08-22,1.206871252,0,0,1,-0.01122981646,-0.04173707707,0,XES.US
2023-08-23,1.216186569,0,0,1,0.007718567972,-0.03434065956,0,XES.US
2023-08-24,1.18599293,0,0,1,-0.02482648657,-0.05831458821,0.9903709677,URA.US
2023-08-25,1.207556441,0,0,1,0.01818182118,-0.04119303244,0,URA.US
2023-08-28,1.220905291,0,0,1,0.01105443128,-0.0305939667,0,URA.US
2023-08-29,1.220391862,0,0,1,-0.0004205310594,-0.03100163205,0,URA.US
2023-08-30,1.234767471,0,0,1,0.01177950248,-0.01958731337,0,URA.US
2023-08-31,1.232713855,0,0,1,-0.001663160476,-0.021217897,0,URA.US
2023-09-01,1.248116321,0,0,1,0.01249476194,-0.00898824763,0,URA.US
2023-09-05,1.276354306,0,0,1,0.02262448196,0,0,URA.US
2023-09-06,1.25735784,0,0,1,-0.01488338013,-0.01488338013,0,URA.US
2023-09-07,1.25273708,0,0,1,-0.00367497564,-0.01850365972,0,URA.US
2023-09-08,1.257871268,0,0,1,0.004098376354,-0.01448111832,0,URA.US
2023-09-11,1.278921351,0,0,1,0.01673468765,0,0,URA.US
2023-09-12,1.278407923,0,0,1,-0.0004014543935,-0.0004014543935,0,URA.US
2023-09-13,1.317427614,0,0,1,0.03052209801,0,0,URA.US
2023-09-14,1.357987592,0,0,1,0.03078725332,0,0,URA.US
2023-09-15,1.370823013,0,0,1,0.009451795569,0,0,URA.US
2023-09-18,1.374930344,0,0,1,0.002996251739,0,0,URA.US
2023-09-19,1.352853404,0,0,1,-0.01605676976,-0.01605676976,0,URA.US
2023-09-20,1.353366833,0,0,1,0.0003795153221,-0.01568334823,0,URA.US
2023-09-21,1.328209419,0,0,1,-0.01858876175,-0.03398057596,0,URA.US
2023-09-22,1.375443773,0,0,1,0.03556242932,0,0,URA.US
2023-09-25,1.438080592,0,0,1,0.04553935318,0,0,URA.US
2023-09-26,1.396493856,0,0,1,-0.02891822418,-0.02891822418,0,URA.US
2023-09-27,1.393926713,0,0,1,-0.001838277316,-0.03070334178,0,URA.US
2023-09-28,1.439620878,0,0,1,0.03278089538,0,0,URA.US
2023-09-29,1.388279194,0,0,1,-0.03566333692,-0.03566333692,0,URA.US
2023-10-02,1.338477697,0,0,1,-0.03587282499,-0.07025681727,0,URA.US
2023-10-03,1.303565336,0,0,1,-0.02608363303,-0.09450789727,0,URA.US
2023-10-04,1.315939966,0,0,1,0.009492910695,-0.0859121416,0.9992123454,XLC.US
2023-10-05,1.314139695,0,0,1,-0.001368049339,-0.08716265889,0,XLC.US
2023-10-06,1.338342403,0,0,1,0.01841715023,-0.07035079644,0,XLC.US
2023-10-09,1.352743806,0,0,1,0.01076062699,-0.06034718813,0,XLC.US
2023-10-10,1.360544624,0,0,1,0.005766662805,-0.05492852721,0,XLC.US
2023-10-11,1.372945997,0,0,1,0.009115007015,-0.04631419411,0,XLC.US
2023-10-12,1.356744323,0,0,1,-0.01180066384,-0.05756831971,0,XLC.US
2023-10-13,1.341542664,0,0,1,-0.01120451298,-0.06812780771,0,XLC.US
2023-10-16,1.363144998,0,0,1,0.01610260677,-0.05312223624,0,XLC.US
2023-10-17,1.367945466,0,0,1,0.003521612009,-0.04978770014,0,XLC.US
2023-10-18,1.344342949,0,0,1,-0.01725398912,-0.06618265282,0,XLC.US
2023-10-19,1.342942807,0,0,1,-0.001041507153,-0.06715523026,0,XLC.US
2023-10-20,1.330541433,0,0,1,-0.0092344765,-0.07576956337,0,XLC.US
2023-10-23,1.337542299,0,0,1,0.005261667486,-0.07090657013,0,XLC.US
2023-10-24,1.353343998,0,0,1,0.01181398061,-0.05993027837,0,XLC.US
2023-10-25,1.29473776,0,0,1,-0.04330476126,-0.1006397732,0,XLC.US
2023-10-26,1.266534687,0,0,1,-0.0217828455,-0.1202303981,0,XLC.US
2023-10-27,1.249229339,0,0,1,-0.01366354053,-0.1322511657,1.00094759,XLU.US
2023-10-30,1.258801179,0,0,1,0.007662195921,-0.1256023041,0,XLU.US
2023-10-31,1.26964921,0,0,1,0.008617747869,-0.1180669653,0,XLU.US
2023-11-01,1.284113306,0,0,1,0.01139219837,-0.1080198092,0,XLU.US
2023-11-02,1.308149241,0,0,1,0.01871792427,-0.09132379151,0,XLU.US
2023-11-03,1.302920251,0,0,1,-0.003997242945,-0.09495599107,1.017398369,URA.US
2023-11-06,1.267210596,0,0,1,-0.02740739893,-0.1197608933,0,URA.US
2023-11-07,1.273733064,0,0,1,0.005147106983,-0.1152302084,0.9969535444,SMH.US
2023-11-08,1.2782914,0,0,1,0.003578721508,-0.1120638637,0,SMH.US
2023-11-09,1.276012297,0,0,1,-0.001782929583,-0.1136469913,0,SMH.US
2023-11-10,1.327674038,0,0,1,0.04048686801,-0.07776133407,0,SMH.US
2023-11-13,1.319570301,0,0,1,-0.006103709706,-0.08339041116,0,SMH.US
2023-11-14,1.35983601,0,0,1,0.03051425787,-0.0554207498,0,SMH.US
2023-11-15,1.360849073,0,0,1,0.0007449896251,-0.05471704806,0,SMH.US
2023-11-16,1.365913877,0,0,1,0.003721796537,-0.05119889725,0,SMH.US
2023-11-17,1.372329475,0,0,1,0.004696927119,-0.04674244762,0,SMH.US
2023-11-20,1.391997981,0,0,1,0.01433220439,-0.03308016554,0,SMH.US
2023-11-21,1.371485276,0,0,1,-0.01473615989,-0.04732885082,0,SMH.US
2023-11-22,1.368530711,0,0,1,-0.002154281411,-0.04938117257,0,SMH.US
2023-11-24,1.365491778,0,0,1,-0.002220581182,-0.05149209885,0,SMH.US
2023-11-27,1.362341336,0,0,1,-0.002307184532,-0.05368048161,0.9966617625,URA.US
2023-11-28,1.352955553,0,0,1,-0.006889450851,-0.06020010342,0,URA.US
2023-11-29,1.354902787,0,0,1,0.001439245243,-0.05884750089,1.002081147,GDX.US
2023-11-30,1.360113905,0,0,1,0.003846119518,-0.05522771589,0,GDX.US
2023-12-01,1.381392817,0,0,1,0.01564494814,-0.0404468025,0,GDX.US
2023-12-04,1.347086027,0,0,1,-0.0248349268,-0.06427723592,0,GDX.US
2023-12-05,1.323635748,0,0,1,-0.01740815305,-0.080566441,0,GDX.US
2023-12-06,1.328094786,0,0,1,0.003368780302,-0.07746907134,1.011811044,KRE.US
2023-12-07,1.35379619,0,0,1,0.01935208564,-0.05961617381,0,KRE.US
2023-12-08,1.368602535,0,0,1,0.01093690887,-0.04933128159,0,KRE.US
2023-12-11,1.365529518,0,0,1,-0.002245368577,-0.05146588326,0,KRE.US
2023-12-12,1.35491367,0,0,1,-0.007774162435,-0.05883994156,0,KRE.US
2023-12-13,1.434252949,0,0,1,0.05855670418,-0.003728710435,0,KRE.US
2023-12-14,1.50353512,0,0,1,0.04830540582,0,0,KRE.US
2023-12-15,1.479509829,0,0,1,-0.01597920132,-0.01597920132,0,KRE.US
2023-12-18,1.452132205,0,0,1,-0.0185045234,-0.03418803722,0,KRE.US
2023-12-19,1.473643218,0,0,1,0.0148133987,-0.01988107954,0,KRE.US
2023-12-20,1.439281503,0,0,1,-0.02331752687,-0.0427350288,0,KRE.US
2023-12-21,1.454925905,0,0,1,0.01086959178,-0.03232994934,0,KRE.US
2023-12-22,1.470288311,0,0,1,0.01055889199,-0.0221124258,1.008064481,XME.US
2023-12-26,1.482385467,0,0,1,0.008227743891,-0.01406661729,0,XME.US
2023-12-27,1.485530753,0,0,1,0.002121773578,-0.01197468988,0,XME.US
2023-12-28,1.469562511,0,0,1,-0.01074918292,-0.02259515467,0,XME.US
2023-12-29,1.447545691,0,0,1,-0.0149818871,-0.03723852371,0,XME.US
2024-01-02,1.435206541,0,0,1,-0.008524187207,-0.04544528277,0,XME.US
2024-01-03,1.407383046,0,0,1,-0.01938640478,-0.06395066691,0,XME.US
2024-01-04,1.411712894,0,0,1,0.00307652433,-0.06107088836,1.00120343,XLV.US
2024-01-05,1.410496145,0,0,1,-0.0008618958004,-0.06188014742,0,XLV.US
2024-01-08,1.422966859,0,0,1,0.008841367377,-0.05358588516,0,XLV.US
2024-01-09,1.422764042,0,0,1,-0.0001425313259,-0.05372077881,0,XLV.US
2024-01-10,1.429252805,0,0,1,0.004560673992,-0.04940510778,0,XLV.US
2024-01-11,1.428238873,0,0,1,-0.0007094140785,-0.05007947318,0,XLV.US
2024-01-12,1.42469042,0,0,1,-0.002484495328,-0.05243954629,0,XLV.US
2024-01-16,1.416173793,0,0,1,-0.0059778791,-0.05810394812,0,XLV.US
2024-01-17,1.413334969,0,0,1,-0.002004573267,-0.05999204777,0,XLV.US
2024-01-18,1.413132306,0,0,1,-0.0001433932177,-0.06012683854,0,XLV.US
2024-01-19,1.451076923,0,0,1,0.02685142574,-0.03488990414,1.000573984,SMH.US
2024-01-22,1.457821512,0,0,1,0.004647988086,-0.03040408391,0,SMH.US
2024-01-23,1.465263661,0,0,1,0.005104979737,-0.0254543164,0,SMH.US
2024-01-24,1.49131142,0,0,1,0.01777684095,-0.008129972787,0,SMH.US
2024-01-25,1.49131142,0,0,1,0,-0.008129972787,0,SMH.US
2024-01-26,1.459527029,0,0,1,-0.02131304751,-0.0292697458,0,SMH.US
2024-01-29,1.476659563,0,0,1,0.01173841507,-0.01787491115,0,SMH.US
2024-01-30,1.462007706,0,0,1,-0.009922298572,-0.02761984952,0,SMH.US
2024-01-31,1.440921419,0,0,1,-0.01442282875,-0.04164432191,0,SMH.US
2024-02-01,1.454100437,0,0,1,0.009146243351,-0.03287896766,0,SMH.US
2024-02-02,1.482396313,0,0,1,0.01945936852,-0.01405940308,0,SMH.US
2024-02-05,1.511312388,0,0,1,0.01950630532,0,0,SMH.US
2024-02-06,1.494179854,0,0,1,-0.01133619641,-0.01133619641,0,SMH.US
2024-02-07,1.524336327,0,0,1,0.02018262571,0,0,SMH.US
2024-02-08,1.546042694,0,0,1,0.01423988061,0,0,SMH.US
2024-02-09,1.580307999,0,0,1,0.02216323316,0,0,SMH.US
2024-02-12,1.57418361,0,0,1,-0.003875440379,-0.003875440379,0,SMH.US
2024-02-13,1.545034975,0,0,1,-0.01851666774,-0.02232034788,0,SMH.US
2024-02-14,1.576044206,0,0,1,0.02007024555,-0.002698077191,0,SMH.US
2024-02-15,1.570772575,0,0,1,-0.003344849603,-0.006033902131,0,SMH.US
2024-02-16,1.564028105,0,0,1,-0.004293727856,-0.01030172205,0,SMH.US
2024-02-20,1.533251434,0,0,1,-0.01967782513,-0.0297768317,0,SMH.US
2024-02-21,1.521167834,0,0,1,-0.007881029392,-0.03742318901,0.9891798999,SHLD.US
2024-02-22,1.528177889,0,0,1,0.004608337751,-0.03298730995,0,SHLD.US
2024-02-23,1.533185044,0,0,1,0.003276552424,-0.02981884218,0,SHLD.US
2024-02-26,1.550209218,0,0,1,0.01110379608,-0.01904614844,0,SHLD.US
2024-02-27,1.550709943,0,0,1,0.0003230048184,-0.01872929562,0,SHLD.US
2024-02-28,1.560724253,0,0,1,0.006457887226,-0.01239236008,0,SHLD.US
2024-02-29,1.565030412,0,0,1,0.002759077392,-0.009667474165,0,SHLD.US
2024-03-01,1.565230683,0,0,1,0.000127966151,-0.009540745124,0,SHLD.US
2024-03-04,1.586260658,0,0,1,0.01343570292,0,0,SHLD.US
2024-03-05,1.590266363,0,0,1,0.002525250093,0,0,SHLD.US
2024-03-06,1.610795517,0,0,1,0.01290925495,0,0,SHLD.US
2024-03-07,1.608291987,0,0,1,-0.001554219456,-0.001554219456,0,SHLD.US
2024-03-08,1.597276322,0,0,1,-0.006849293919,-0.008392868069,0,SHLD.US
2024-03-11,1.585259208,0,0,1,-0.007523503887,-0.01585322818,0,SHLD.US
2024-03-12,1.580903005,0,0,1,-0.002747943576,-0.01855760798,0,SHLD.US
2024-03-13,1.568840186,0,0,1,-0.00763033438,-0.0260463416,1.003072249,SMH.US
2024-03-14,1.540757484,0,0,1,-0.01790029482,-0.04348039923,0,SMH.US
2024-03-15,1.53524699,0,0,1,-0.00357648392,-0.0469013762,0.9885172505,COPX.US
2024-03-18,1.516051772,0,0,1,-0.01250301649,-0.05881798401,0,COPX.US
2024-03-19,1.494641812,0,0,1,-0.01412218214,-0.07210952787,0,COPX.US
2024-03-20,1.542629788,0,0,1,0.03210667284,-0.04231805205,0,COPX.US
2024-03-21,1.541891494,0,0,1,-0.0004785943366,-0.04277639321,0,COPX.US
2024-03-22,1.524172863,0,0,1,-0.01149148999,-0.05377631871,0,COPX.US
2024-03-25,1.517159142,0,0,1,-0.004601657476,-0.05813051599,0,COPX.US
2024-03-26,1.502393687,0,0,1,-0.00973230477,-0.06729707686,0,COPX.US
2024-03-27,1.528602486,0,0,1,0.01744469462,-0.05102635919,0,COPX.US
2024-03-28,1.531970879,0,0,1,0.002203576914,-0.04893522278,1.001690406,SHLD.US
2024-04-01,1.528417508,0,0,1,-0.002319476687,-0.05114119536,0,SHLD.US
2024-04-02,1.524587226,0,0,1,-0.002506044257,-0.05351907752,0,SHLD.US
2024-04-03,1.524079703,0,0,1,-0.0003328925942,-0.05383415401,0,SHLD.US
2024-04-04,1.52472577,0,0,1,0.0004239065751,-0.05343306808,0,SHLD.US
2024-04-05,1.530724867,0,0,1,0.003934541459,-0.04970876125,0,SHLD.US
2024-04-08,1.545953749,0,0,1,0.009948804621,-0.04025449938,0,SHLD.US
2024-04-09,1.501651833,0,0,1,-0.02865668909,-0.06775762779,0,SHLD.US
2024-04-10,1.48720654,0,0,1,-0.009619602106,-0.07672542848,0.9852489389,COPX.US
2024-04-11,1.485280063,0,0,1,-0.001295366444,-0.07792140738,0,COPX.US
2024-04-12,1.460236468,0,0,1,-0.01686119342,-0.09346875288,0,COPX.US
2024-04-15,1.470831911,0,0,1,0.007255977009,-0.08689098299,0,COPX.US
2024-04-16,1.449641149,0,0,1,-0.01440733088,-0.1000464467,0,COPX.US
2024-04-17,1.457025795,0,0,1,0.005094120365,-0.09546197501,0,COPX.US
2024-04-18,1.483674726,0,0,1,0.01828995145,-0.07891801844,0,COPX.US
2024-04-19,1.47629008,0,0,1,-0.004977267838,-0.08350249017,0,COPX.US
2024-04-22,1.452209663,0,0,1,-0.01631143992,-0.09845188423,0,COPX.US
2024-04-23,1.425560732,0,0,1,-0.01835060855,-0.1149958408,0,COPX.US
2024-04-24,1.463543372,0,0,1,0.02664400036,-0.09141578966,1.011261261,XLU.US
2024-04-25,1.467490604,0,0,1,0.002697037922,-0.08896530359,0,XLU.US
2024-04-26,1.451482507,0,0,1,-0.01090848397,-0.09890331097,0,XLU.US
2024-04-29,1.471218499,0,0,1,0.01359712741,-0.08665098448,0,XLU.US
2024-04-30,1.463543372,0,0,1,-0.005216850398,-0.09141578966,0,XLU.US
2024-05-01,1.480428819,0,0,1,0.01153737335,-0.08093311441,0,XLU.US
2024-05-02,1.488323283,0,0,1,0.005332552199,-0.07603214227,0,XLU.US
2024-05-03,1.500164979,0,0,1,0.007956400378,-0.06868068405,0,XLU.US
2024-05-06,1.507840105,0,0,1,0.005116188501,-0.06391587888,0,XLU.US
2024-05-07,1.524944722,0,0,1,0.01134378643,-0.05329714053,0,XLU.US
2024-05-08,1.540952819,0,0,1,0.01049749379,-0.04335913314,0,XLU.US
2024-05-09,1.564416874,0,0,1,0.01522697803,-0.02879238368,0,XLU.US
2024-05-10,1.562881849,0,0,1,-0.0009812124813,-0.02974534472,0,XLU.US
2024-05-13,1.562881849,0,0,1,0,-0.02974534472,0,XLU.US
2024-05-14,1.567048418,0,0,1,0.00266595272,-0.02715869168,0,XLU.US
2024-05-15,1.590512472,0,0,1,0.01497340762,-0.01259194222,0,XLU.US
2024-05-16,1.585030215,0,0,1,-0.003446849637,-0.01599538933,0,XLU.US
2024-05-17,1.586345903,0,0,1,0.0008300713836,-0.01517859526,0,XLU.US
2024-05-20,1.583714527,0,0,1,-0.001658765873,-0.0168121834,0,XLU.US
2024-05-21,1.597968429,0,0,1,0.009000297908,-0.007963200147,0,XLU.US
2024-05-22,1.579109451,0,0,1,-0.01180184682,-0.0196710665,0,XLU.US
2024-05-23,1.552356008,0,0,1,-0.01694210783,-0.036279905,0,XLU.US
2024-05-24,1.567925599,0,0,1,0.01002965214,-0.02661412768,0,XLU.US
2024-05-28,1.566390574,0,0,1,-0.0009790167108,-0.02756708871,0,XLU.US
2024-05-29,1.546215907,0,0,1,-0.01287971672,-0.04009174914,0,XLU.US
2024-05-30,1.567048418,0,0,1,0.01347322251,-0.02715869168,0,XLU.US
2024-05-31,1.594679042,0,0,1,0.01763227193,-0.01000528918,0,XLU.US
2024-06-03,1.576477907,0,0,1,-0.01141366635,-0.0213047585,0,XLU.US
2024-06-04,1.575820063,0,0,1,-0.0004172872382,-0.02171315554,0,XLU.US
2024-06-05,1.566829081,0,0,1,-0.00570558946,-0.02729485865,0,XLU.US
2024-06-06,1.534067196,0,0,1,-0.02090967351,-0.04763380558,0.9977607272,XBI.US
2024-06-07,1.510433102,0,0,1,-0.0154061658,-0.06230611707,0,XBI.US
2024-06-10,1.520349478,0,0,1,0.006565253071,-0.05614991943,0,XBI.US
2024-06-11,1.528117345,0,0,1,0.005109264394,-0.05132753982,0,XBI.US
2024-06-12,1.550594531,0,0,1,0.01470907013,-0.03737345008,0,XBI.US
2024-06-13,1.550594531,0,0,1,0,-0.03737345008,0,XBI.US
2024-06-14,1.516382953,0,0,1,-0.02206352272,-0.05861238283,0,XBI.US
2024-06-17,1.497211184,0,0,1,-0.01264309169,-0.07051443279,0,XBI.US
2024-06-18,1.515615557,0,0,1,0.01229243575,-0.05908879117,1.00044156,SMH.US
2024-06-20,1.472681534,0,0,1,-0.0283277788,-0.08574271577,0,SMH.US
2024-06-21,1.450612129,0,0,1,-0.01498586412,-0.09944365119,0,SMH.US
2024-06-24,1.400723123,0,0,1,-0.03439169227,-0.130415308,0,SMH.US
2024-06-25,1.417956746,0,0,1,0.01230337571,-0.1197164808,1.010712293,MLPX.US
2024-06-26,1.407370792,0,0,1,-0.007465639621,-0.1262883604,0,MLPX.US
2024-06-27,1.416842413,0,0,1,0.006730010877,-0.1204082715,0,MLPX.US
2024-06-28,1.422135336,0,0,1,0.003735718137,-0.1171223647,0,MLPX.US
2024-07-01,1.417956746,0,0,1,-0.002938250998,-0.1197164808,0,MLPX.US
2024-07-02,1.429656927,0,0,1,0.008251437256,-0.1124528766,0,MLPX.US
2024-07-03,1.438292851,0,0,1,0.006040556803,-0.1070915978,0,MLPX.US
2024-07-05,1.429935564,0,0,1,-0.00581056035,-0.112279896,0,MLPX.US
2024-07-08,1.4251997,0,0,1,-0.003311941897,-0.1152199734,0,MLPX.US
2024-07-09,1.4268712,0,0,1,0.00117281809,-0.1141822873,0,MLPX.US
2024-07-10,1.432442654,0,0,1,0.003904665042,-0.1107234659,0,MLPX.US
2024-07-11,1.375806017,0,0,1,-0.0395385024,-0.1458841283,1.002917183,SMH.US
2024-07-12,1.393218188,0,0,1,0.01265597865,-0.135074456,0,SMH.US
2024-07-15,1.39007069,0,0,1,-0.002259156885,-0.1370284585,0,SMH.US
2024-07-16,1.389461547,0,0,1,-0.0004382102877,-0.1374066215,0,SMH.US
2024-07-17,1.377960633,0,0,1,-0.00827724502,-0.1445465183,0.9637573226,KRE.US
2024-07-18,1.352946481,0,0,1,-0.01815302368,-0.1600755856,0,KRE.US
2024-07-19,1.35974649,0,0,1,0.005026074288,-0.1558540631,0,KRE.US
2024-07-22,1.382574849,0,0,1,0.01678868724,-0.141681961,0,KRE.US
2024-07-23,1.40418895,0,0,1,0.01563322299,-0.1282636837,0,KRE.US
2024-07-24,1.378446262,0,0,1,-0.01833278068,-0.1442450344,0,KRE.US
2024-07-25,1.413903196,0,0,1,0.02572239151,-0.1222329701,0,KRE.US
2024-07-26,1.438431534,0,0,1,0.01734796119,-0.1070055017,0,KRE.US
2024-07-29,1.407831815,0,0,1,-0.02127297537,-0.1260021517,0,KRE.US
2024-07-30,1.421188835,0,0,1,0.009487652673,-0.1177099637,0,KRE.US
2024-07-31,1.415360268,0,0,1,-0.004101190646,-0.1213284033,0,KRE.US
2024-08-01,1.351975038,0,0,1,-0.04478381374,-0.1606786684,0,KRE.US
2024-08-02,1.308087951,0,0,1,-0.03246146258,-0.1879242664,0.9673073513,XLRE.US
2024-08-05,1.270276551,0,0,1,-0.02890585444,-0.2113980094,0,XLRE.US
2024-08-06,1.298400682,0,0,1,0.02214016427,-0.1939382318,0,XLRE.US
2024-08-07,1.289025972,0,0,1,-0.007220198377,-0.1997581577,0,XLRE.US
2024-08-08,1.299963114,0,0,1,0.008484811494,-0.1929682565,0,XLRE.US
2024-08-09,1.306525519,0,0,1,0.0050481468,-0.1888942418,0,XLRE.US
2024-08-12,1.29871324,0,0,1,-0.005979430562,-0.1937441923,0,XLRE.US
2024-08-13,1.307775393,0,0,1,0.006977793341,-0.1881183059,0,XLRE.US
2024-08-14,1.312462808,0,0,1,0.003584265982,-0.185208306,0,XLRE.US
2024-08-15,1.308712947,0,0,1,-0.002857117426,-0.1875362615,0,XLRE.US
2024-08-16,1.316620983,0,0,1,0.006042605002,-0.1826268641,0.9990448683,XLK.US
2024-08-19,1.338326849,0,0,1,0.01648604,-0.1691516179,0,XLK.US
2024-08-20,1.333628828,0,0,1,-0.003510368959,-0.1720682022,0,XLK.US
2024-08-21,1.341478644,0,0,1,0.005886057953,-0.1671949477,0,XLK.US
2024-08-22,1.31061475,0,0,1,-0.02300736944,-0.1863556012,0,XLK.US
2024-08-23,1.329127673,0,0,1,0.01412537419,-0.1748625696,1.009936941,UFO.US
2024-08-26,1.333930901,0,0,1,0.003613819917,-0.1718806715,0,UFO.US
2024-08-27,1.30991463,0,0,1,-0.01800413435,-0.1867902432,0,UFO.US
2024-08-28,1.264626864,0,0,1,-0.03457306664,-0.2149053983,0,UFO.US
2024-08-29,1.295504815,0,0,1,0.02441664938,-0.1957360187,0,UFO.US
2024-08-30,1.296191009,0,0,1,0.0005296731635,-0.1953100216,0,UFO.US
2024-09-03,1.282702613,0,0,1,-0.01040617927,-0.2036837698,0.9910005251,KIE.US
2024-09-04,1.28543765,0,0,1,0.00213224501,-0.2019858285,0,KIE.US
2024-09-05,1.273130247,0,0,1,-0.009574484059,-0.2096264025,0,KIE.US
2024-09-06,1.257632056,0,0,1,-0.0121732957,-0.219247854,0,KIE.US
2024-09-09,1.265381152,0,0,1,0.006161655504,-0.2144371282,0,KIE.US
2024-09-10,1.259227451,0,0,1,-0.004863120597,-0.2182574152,0,KIE.US
2024-09-11,1.246236333,0,0,1,-0.01031673656,-0.2263224475,0,KIE.US
2024-09-12,1.246271205,0,0,1,2.798241318e-05,-0.2263007981,1.001828794,DTCR.US
2024-09-13,1.256744027,0,0,1,0.008403324786,-0.2197991525,0,DTCR.US
2024-09-16,1.258240185,0,0,1,0.001190503492,-0.2188703206,0,DTCR.US
2024-09-17,1.266468913,0,0,1,0.006539869937,-0.2137618341,0,DTCR.US
2024-09-18,1.250759537,0,0,1,-0.0124040749,-0.2235143912,0,DTCR.US
2024-09-19,1.273201482,0,0,1,0.01794265291,-0.2095821794,0,DTCR.US
2024-09-20,1.275445576,0,0,1,0.001762560428,-0.2081890203,0,DTCR.US
2024-09-23,1.296391362,0,0,1,0.0164223284,-0.1951856403,0,DTCR.US
2024-09-24,1.318085227,0,0,1,0.01673404021,-0.1817178445,0,DTCR.US
2024-09-25,1.306116105,0,0,1,-0.009080689395,-0.1891484106,0,DTCR.US
2024-09-26,1.3098565,0,0,1,0.002863754125,-0.186826331,0,DTCR.US
2024-09-27,1.317337148,0,0,1,0.005711043984,-0.1821822604,0,DTCR.US
2024-09-30,1.318085227,0,0,1,0.0005678721485,-0.1817178445,0,DTCR.US
2024-10-01,1.320329322,0,0,1,0.001702541309,-0.1803246853,0,DTCR.US
2024-10-02,1.324069717,0,0,1,0.00283292609,-0.1780026057,0,DTCR.US
2024-10-03,1.294895204,0,0,1,-0.02203397063,-0.1961144722,0,DTCR.US
2024-10-04,1.30387201,0,0,1,0.006932457709,-0.1905415697,0,DTCR.US
2024-10-07,1.303123931,0,0,1,-0.0005737365867,-0.1910059857,0,DTCR.US
2024-10-08,1.292651109,0,0,1,-0.008036704307,-0.1975076313,0,DTCR.US
2024-10-09,1.306034689,0,0,1,0.01035358995,-0.1891989544,1,IGV.US
2024-10-10,1.315004472,0,0,1,0.006867951928,-0.1836304118,0,IGV.US
2024-10-11,1.321553854,0,0,1,0.004980501098,-0.1795644822,0,IGV.US
2024-10-14,1.328815169,0,0,1,0.005494528527,-0.1750565758,0,IGV.US
2024-10-15,1.316001115,0,0,1,-0.009643217703,-0.1830116848,0,IGV.US
2024-10-16,1.309878851,0,0,1,-0.004652172495,-0.1868124554,0,IGV.US
2024-10-17,1.312659301,0,0,1,0.002122677307,-0.1850863207,1.007934819,URA.US
2024-10-18,1.340707609,0,0,1,0.02136754575,-0.1676736153,0,URA.US
2024-10-21,1.332293162,0,0,1,-0.006276123437,-0.1728973985,0,URA.US
2024-10-22,1.312258679,0,0,1,-0.01503759398,-0.1853350316,0,URA.US
2024-10-23,1.264977285,0,0,1,-0.03603054367,-0.2146878533,0,URA.US
2024-10-24,1.272991109,0,0,1,0.006335152514,-0.2097127811,0,URA.US
2024-10-25,1.264576586,0,0,1,-0.006610040566,-0.2149366117,0,URA.US
2024-10-28,1.289419379,0,0,1,0.01964514733,-0.1995139257,0,URA.US
2024-10-29,1.274994527,0,0,1,-0.01118709158,-0.2084690367,0,URA.US
2024-10-30,1.254158645,0,0,1,-0.01634193786,-0.2214041866,0,URA.US
2024-10-31,1.226535028,0,0,1,-0.0220256167,-0.2385532395,0.9920127794,IGV.US
2024-11-01,1.239975034,0,0,1,0.01095770301,-0.2302095321,0,IGV.US
2024-11-04,1.239840606,0,0,1,-0.0001084124864,-0.230292987,0,IGV.US
2024-11-05,1.261479024,0,0,1,0.01745258114,-0.2168596129,0,IGV.US
2024-11-06,1.313223029,0,0,1,0.04101852172,-0.1847363519,0,IGV.US
2024-11-07,1.346151107,0,0,1,0.02507424624,-0.1642942304,0,IGV.US
2024-11-08,1.360666236,0,0,1,0.01078268932,-0.1552830747,0,IGV.US
2024-11-11,1.392250231,0,0,1,0.02321215452,-0.1356753749,0,IGV.US
2024-11-12,1.398970234,0,0,1,0.004826720897,-0.1315035212,0,IGV.US
2024-11-13,1.403405461,0,0,1,0.003170351068,-0.1287500825,0,IGV.US
2024-11-14,1.384992718,0,0,1,-0.01312004541,-0.1401809209,0,IGV.US
2024-11-15,1.359187827,0,0,1,-0.01863178788,-0.1562008876,0,IGV.US
2024-11-18,1.359053501,0,0,1,-9.882831116e-05,-0.1562842789,0,IGV.US
2024-11-19,1.377869428,0,0,1,0.01384487597,-0.1446031394,0,IGV.US
2024-11-20,1.388487045,0,0,1,0.007705822682,-0.1380116028,0,IGV.US
2024-11-21,1.405018299,0,0,1,0.01190594701,-0.1277488147,0,IGV.US
2024-11-22,1.425178308,0,0,1,0.01434857458,-0.1152332535,0,IGV.US
2024-11-25,1.421818307,0,0,1,-0.002357600885,-0.1173191803,0,IGV.US
2024-11-26,1.42719433,0,0,1,0.003781090107,-0.1139816846,0,IGV.US
2024-11-27,1.401792726,0,0,1,-0.01779827993,-0.1297512866,0,IGV.US
2024-11-29,1.431972446,0,0,1,0.02152937392,-0.1110153767,1.00335569,UFO.US
2024-12-02,1.401757043,0,0,1,-0.02110054726,-0.1297734387,0,UFO.US
2024-12-03,1.390500298,0,0,1,-0.008030453731,-0.1367617529,0,UFO.US
2024-12-04,1.385168162,0,0,1,-0.003834689187,-0.1400720032,0,UFO.US
2024-12-05,1.378651194,0,0,1,-0.004704820657,-0.1441178102,0,UFO.US
2024-12-06,1.409459068,0,0,1,0.02234638795,-0.1249919348,0,UFO.US
2024-12-09,1.385464454,0,0,1,-0.01702398785,-0.1398880615,0,UFO.US
2024-12-10,1.367394449,0,0,1,-0.01304256156,-0.1511061244,0,UFO.US
2024-12-11,1.369764338,0,0,1,0.001733141926,-0.1496348708,0,UFO.US
2024-12-12,1.347250847,0,0,1,-0.01643603176,-0.1636114991,0,UFO.US
2024-12-13,1.360284896,0,0,1,0.009674552136,-0.1555198149,0,UFO.US
2024-12-16,1.441811181,0,0,1,0.0599332428,-0.1049073789,1,QTUM.US
2024-12-17,1.509720805,0,0,1,0.04710022026,-0.06274831934,0,QTUM.US
2024-12-18,1.466077166,0,0,1,-0.02890841701,-0.08984278177,0,QTUM.US
2024-12-19,1.354174813,0,0,1,-0.07632773763,-0.1593130231,0,QTUM.US
2024-12-20,1.416847147,0,0,1,0.04628082998,-0.1204053321,0,QTUM.US
2024-12-23,1.434479082,0,0,1,0.01244448572,-0.1094592288,0,QTUM.US
2024-12-24,1.442684107,0,0,1,0.005719864077,-0.1043654566,0,QTUM.US
2024-12-26,1.466251645,0,0,1,0.01633589647,-0.08973446345,0,QTUM.US
2024-12-27,1.457872141,0,0,1,-0.005714915344,-0.09493655393,0,QTUM.US
2024-12-30,1.430813032,0,0,1,-0.01856068749,-0.1117351537,0,QTUM.US
2024-12-31,1.416672536,0,0,1,-0.009882840015,-0.1205137331,0,QTUM.US
2025-01-02,1.438668967,0,0,1,0.01552682825,-0.1068581009,0,QTUM.US
2025-01-03,1.459094158,0,0,1,0.0141972833,-0.09417791229,0,QTUM.US
2025-01-06,1.491739514,0,0,1,0.02237371472,-0.07391130731,0,QTUM.US
2025-01-07,1.472361728,0,0,1,-0.01299006027,-0.08594125525,0,QTUM.US
2025-01-08,1.404452237,0,0,1,-0.04612283091,-0.1281002322,0,QTUM.US
2025-01-10,1.397265826,0,0,1,-0.005116877906,-0.1325616368,0.9955251632,XHS.US
2025-01-13,1.427775108,0,0,1,0.02183498712,-0.1136211313,0,XHS.US
2025-01-14,1.423416622,0,0,1,-0.003052641216,-0.116326928,0,XHS.US
2025-01-15,1.433035309,0,0,1,0.006757463793,-0.1103555392,0,XHS.US
2025-01-16,1.439197341,0,0,1,0.004299986037,-0.1065300805,0,XHS.US
2025-01-17,1.447914196,0,0,1,0.006056748003,-0.1011185583,0,XHS.US
2025-01-21,1.486839914,0,0,1,0.02688399487,-0.07695303424,0,XHS.US
2025-01-22,1.487891954,0,0,1,0.0007075679229,-0.07629991582,0,XHS.US
2025-01-23,1.510435772,0,0,1,0.01515151515,-0.06230445999,0,XHS.US
2025-01-24,1.513742217,0,0,1,0.002189066873,-0.06025178175,0,XHS.US
2025-01-27,1.535384318,0,0,1,0.01429708523,-0.04681612138,0,XHS.US
2025-01-28,1.537338074,0,0,1,0.001272486773,-0.04560320751,0,XHS.US
2025-01-29,1.531176042,0,0,1,-0.004008247712,-0.04942866627,0,XHS.US
2025-01-30,1.547708267,0,0,1,0.0107970763,-0.03916527505,0,XHS.US
2025-01-31,1.534482487,0,0,1,-0.008545395748,-0.04737598802,0,XHS.US
2025-02-03,1.530124002,0,0,1,-0.002840361605,-0.05008178469,0,XHS.US
2025-02-04,1.534482487,0,0,1,0.002848452239,-0.04737598802,0,XHS.US
2025-02-05,1.540193661,0,0,1,0.003721889211,-0.04383042699,0,XHS.US
2025-02-06,1.495106026,0,0,1,-0.02927400372,-0.07182133863,0,XHS.US
2025-02-07,1.477350213,0,0,1,-0.01187595566,-0.08284434726,0.9979894997,UFO.US
2025-02-10,1.537529727,0,0,1,0.0407347649,-0.04548422737,0,UFO.US
2025-02-11,1.487970048,0,0,1,-0.03223331427,-0.07625143424,0,UFO.US
2025-02-12,1.472630137,0,0,1,-0.01030928771,-0.08577462398,0,UFO.US
2025-02-13,1.509799952,0,0,1,0.02524042833,-0.06269918389,0,UFO.US
2025-02-14,1.506260007,0,0,1,-0.002344645001,-0.06489682156,0,UFO.US
2025-02-18,1.520419899,0,0,1,0.009400695835,-0.05610620101,0,UFO.US
2025-02-19,1.50271995,0,0,1,-0.01164148774,-0.0670945291,0,UFO.US
2025-02-20,1.483250084,0,0,1,-0.01295641667,-0.07918164109,0,UFO.US
2025-02-21,1.42307057,0,0,1,-0.04057273569,-0.116541761,0,UFO.US
2025-02-24,1.405555785,0,0,1,-0.01230774168,-0.1274151368,1.008291826,DTCR.US
2025-02-25,1.394755733,0,0,1,-0.007683830676,-0.1341199311,0,DTCR.US
2025-02-26,1.400927212,0,0,1,0.00442477456,-0.130288607,0,DTCR.US
2025-02-27,1.366212547,0,0,1,-0.0247797779,-0.1518398622,0,DTCR.US
2025-02-28,1.362355428,0,0,1,-0.002823220759,-0.1542344055,0,DTCR.US
2025-03-03,1.372387716,0,0,1,0.007363928581,-0.148006248,1.00849375,SHLD.US
2025-03-04,1.401017498,0,0,1,0.02086129323,-0.1302325566,0,SHLD.US
2025-03-05,1.434572966,0,0,1,0.02395078428,-0.1094009441,0,SHLD.US
2025-03-06,1.418564959,0,0,1,-0.01115872661,-0.1193388955,0,SHLD.US
2025-03-07,1.416717827,0,0,1,-0.001302113084,-0.1204856159,0,SHLD.US
2025-03-10,1.398246859,0,0,1,-0.01303785925,-0.1319526006,0,SHLD.US
2025-03-11,1.403172544,0,0,1,0.003522758004,-0.1288946797,0,SHLD.US
2025-03-12,1.420104177,0,0,1,0.0120666787,-0.1183833317,0,SHLD.US
2025-03-13,1.421951191,0,0,1,0.001300619059,-0.1172366842,0,SHLD.US
2025-03-14,1.470591277,0,0,1,0.03420657887,-0.08704037126,0,SHLD.US
2025-03-17,1.48813862,0,0,1,0.0119321685,-0.07614678314,0,SHLD.US
2025-03-18,1.499221177,0,0,1,0.007447261258,-0.06926660687,0,SHLD.US
2025-03-19,1.492756391,0,0,1,-0.004312096123,-0.07328001872,0,SHLD.US
2025-03-20,1.454583152,0,0,1,-0.02557231667,-0.09697839555,0,SHLD.US
2025-03-21,1.435188677,0,0,1,-0.01333335594,-0.109018704,0,SHLD.US
2025-03-24,1.467204927,0,0,1,0.02230804246,-0.08914265545,0,SHLD.US
2025-03-25,1.474285423,0,0,1,0.00482584018,-0.08474700347,0,SHLD.US
2025-03-26,1.44762869,0,0,1,-0.01808112121,-0.1012958038,1.002296943,XAR.US
2025-03-27,1.434083241,0,0,1,-0.009356991046,-0.109704971,0,XAR.US
2025-03-28,1.405689815,0,0,1,-0.01979900823,-0.1273319296,0,XAR.US
2025-03-31,1.39527025,0,0,1,-0.007412421723,-0.1338005133,0,XAR.US
2025-04-01,1.389069779,0,0,1,-0.004443920492,-0.137649835,0.998381917,GDX.US
2025-04-02,1.38785659,0,0,1,-0.0008733824496,-0.1384029965,0,GDX.US
2025-04-03,1.386643517,0,0,1,-0.0008740625502,-0.1391560862,0,GDX.US
2025-04-04,1.264114188,0,0,1,-0.08836397217,-0.2152236738,0,GDX.US
2025-04-07,1.257138524,0,0,1,-0.005518223142,-0.2195542447,0,GDX.US
2025-04-08,1.258654952,0,0,1,0.001206254189,-0.2186128287,0,GDX.US
2025-04-09,1.364503335,0,0,1,0.08409642599,-0.1529009603,0,GDX.US
2025-04-10,1.430620525,0,0,1,0.04845513245,-0.1118546641,0,GDX.US
2025-04-11,1.507353062,0,0,1,0.05363584253,-0.06421824076,0,GDX.US
2025-04-14,1.517058344,0,0,1,0.006438625552,-0.05819309241,0,GDX.US
2025-04-15,1.532526101,0,0,1,0.01019588798,-0.04859053468,0,GDX.US
2025-04-16,1.574380202,0,0,1,0.02731053041,-0.02260703755,0,GDX.US
2025-04-17,1.544354406,0,0,1,-0.01907150224,-0.04124738962,0,GDX.US
2025-04-21,1.566797943,0,0,1,0.01453263364,-0.02731418918,0,GDX.US
2025-04-22,1.523427414,0,0,1,-0.02768099708,-0.05423910228,0,GDX.US
2025-04-23,1.477933861,0,0,1,-0.02986263217,-0.08248201208,0,GDX.US
2025-04-24,1.50917273,0,0,1,0.02113685182,-0.06308857033,0,GDX.US
2025-04-25,1.48036024,0,0,1,-0.01909157919,-0.08097568908,0,GDX.US
2025-04-28,1.471861063,0,0,1,-0.005741289709,-0.0862520739,0.9944683374,IGV.US
2025-04-29,1.490786783,0,0,1,0.01285836062,-0.07450277355,0,IGV.US
2025-04-30,1.490321416,0,0,1,-0.0003121621204,-0.07479167873,0,IGV.US
2025-05-01,1.504903551,0,0,1,0.009784557556,-0.06573892465,0,IGV.US
2025-05-02,1.543065197,0,0,1,0.0253582005,-0.04204774499,0,IGV.US
2025-05-05,1.541513934,0,0,1,-0.001005312887,-0.04301078674,0,IGV.US
2025-05-06,1.519640731,0,0,1,-0.01418942964,-0.05658991784,0,IGV.US
2025-05-07,1.532361279,0,0,1,0.00837076054,-0.04869285795,0,IGV.US
2025-05-08,1.557647333,0,0,1,0.01650136569,-0.03299499092,0,IGV.US
2025-05-09,1.546478048,0,0,1,-0.007170612433,-0.03992900906,0,IGV.US
2025-05-12,1.594412759,0,0,1,0.03099605038,-0.01017060026,0,IGV.US
2025-05-13,1.624662927,0,0,1,0.01897260752,0,0,IGV.US
2025-05-14,1.625748823,0,0,1,0.0006683824366,0,0,IGV.US
2025-05-15,1.619543651,0,0,1,-0.003816808342,-0.003816808342,0,IGV.US
2025-05-16,1.631333466,0,0,1,0.007279713842,0,0,IGV.US
2025-05-19,1.627920615,0,0,1,-0.002092061744,-0.002092061744,0,IGV.US
2025-05-20,1.624042398,0,0,1,-0.002382313648,-0.004469391445,0,IGV.US
2025-05-21,1.584949899,0,0,1,-0.02407110721,-0.02843291545,0,IGV.US
2025-05-22,1.582859957,0,0,1,-0.001318616886,-0.02971404022,1.000587307,SIL.US
2025-05-23,1.610801729,0,0,1,0.01765271257,-0.01258586106,0,SIL.US
2025-05-27,1.609291332,0,0,1,-0.0009376679716,-0.01351172767,0,SIL.US
2025-05-28,1.622507091,0,0,1,0.008212160901,-0.005410527255,0,SIL.US
2025-05-29,1.621374221,0,0,1,-0.0006982218558,-0.006104971362,0,SIL.US
2025-05-30,1.629303735,0,0,1,0.00489061262,-0.001244215792,0,SIL.US
2025-06-02,1.736161815,0,0,1,0.06558511973,0,0,SIL.US
2025-06-03,1.748999903,0,0,1,0.007394522748,0,0,SIL.US
2025-06-04,1.772032956,0,0,1,0.0131692706,0,0,SIL.US
2025-06-05,1.844530293,0,0,1,0.04091195731,0,0,SIL.US
2025-06-06,1.826028431,0,0,1,-0.01003066283,-0.01003066283,0,SIL.US
2025-06-09,1.844907964,0,0,1,0.01033912311,0,0,SIL.US
2025-06-10,1.807148899,0,0,1,-0.02046663912,-0.02046663912,0,SIL.US
2025-06-11,1.81054722,0,0,1,0.001880487911,-0.01862463848,0,SIL.US
2025-06-12,1.830559479,0,0,1,0.01105315476,-0.007777344727,0,SIL.US
2025-06-13,1.84302004,0,0,1,0.006806968527,-0.001023316341,0,SIL.US
2025-06-16,1.838488848,0,0,1,-0.002458568802,-0.003479369249,0,SIL.US
2025-06-17,1.850949409,0,0,1,0.006777610194,0,0,SIL.US
2025-06-18,1.831692205,0,0,1,-0.01040396025,-0.01040396025,0,SIL.US
2025-06-20,1.796198735,0,0,1,-0.01937742031,-0.02957977865,0,SIL.US
2025-06-23,1.825317498,0,0,1,0.01621132605,-0.01384798004,0.9976876054,UFO.US
2025-06-24,1.845280818,0,0,1,0.01093690243,-0.00306253161,0,UFO.US
2025-06-25,1.837961002,0,0,1,-0.003966776229,-0.007017159461,0,UFO.US
2025-06-26,1.899182009,0,0,1,0.03330919798,0,0,UFO.US
2025-06-27,1.912490846,0,0,1,0.007007668156,0,0,UFO.US
2025-06-30,1.912490846,0,0,1,0,0,0,UFO.US
2025-07-01,1.902509186,0,0,1,-0.005219193449,-0.005219193449,0,UFO.US
2025-07-02,1.93578147,0,0,1,0.0174886323,0,0,UFO.US
2025-07-03,1.96106835,0,0,1,0.0130628793,0,0,UFO.US
2025-07-07,1.971050136,0,0,1,0.00508997385,0,0,UFO.US
2025-07-08,1.994340633,0,0,1,0.01181628846,0,0,UFO.US
2025-07-09,1.991678916,0,0,1,-0.001334634938,-0.001334634938,0,UFO.US
2025-07-10,2.005653215,0,0,1,0.007016340873,0,0,UFO.US
2025-07-11,1.978369952,0,0,1,-0.01360318035,-0.01360318035,0,UFO.US
2025-07-14,2.000995115,0,0,1,0.01143626498,-0.002322484945,0,UFO.US
2025-07-15,2.00432242,0,0,1,0.001662824906,-0.000663521925,0,UFO.US
2025-07-16,2.027612917,0,0,1,0.01162013494,0,0,UFO.US
2025-07-17,2.094157484,0,0,1,0.03281916713,0,0,UFO.US
2025-07-18,2.089699036,0,0,1,-0.002128993864,-0.002128993864,0,UFO.US
2025-07-21,2.054896179,0,0,1,-0.01665448267,-0.01874801924,0,UFO.US
2025-07-22,2.041121532,0,0,1,-0.00670333001,-0.02532567509,0,UFO.US
2025-07-23,2.102808349,0,0,1,0.03022202053,0,0,UFO.US
2025-07-24,2.062149614,0,0,1,-0.01933544474,-0.01933544474,0,UFO.US
2025-07-25,2.059647112,0,0,1,-0.001213540673,-0.02052552106,0.9961599445,URA.US
2025-07-28,2.018286753,0,0,1,-0.02008128415,-0.04019462639,0,URA.US
2025-07-29,1.98185017,0,0,1,-0.01805322391,-0.05752220771,0,URA.US
2025-07-30,1.973972015,0,0,1,-0.003975151488,-0.06126869971,0,URA.US
2025-07-31,1.949275712,0,0,1,-0.01251096945,-0.07301313833,1.007732636,SMH.US
2025-08-01,1.916673123,0,0,1,-0.01672548858,-0.0885174465,0,SMH.US
2025-08-04,1.958793289,0,0,1,0.02197566461,-0.0684870116,0,SMH.US
2025-08-05,1.937935699,0,0,1,-0.0106481833,-0.07840593265,0,SMH.US
2025-08-06,1.934695607,0,0,1,-0.001671929558,-0.07994677301,0,SMH.US
2025-08-07,1.977637213,0,0,1,0.02219553615,-0.05952569835,1.021666288,GDX.US
2025-08-08,1.981733207,0,0,1,0.002071155496,-0.05757782983,0,GDX.US
2025-08-11,1.969104087,0,0,1,-0.006372765033,-0.06358366488,0,GDX.US
2025-08-12,1.986853005,0,0,1,0.009013702031,-0.05514308706,0,GDX.US
2025-08-13,1.982074475,0,0,1,-0.002405074589,-0.05741553841,0,GDX.US
2025-08-14,1.969445485,0,0,1,-0.006371602098,-0.06342131155,0,GDX.US
2025-08-15,1.98924227,0,0,1,0.01005195856,-0.05400686139,0,GDX.US
2025-08-18,1.983098409,0,0,1,-0.003088543393,-0.05692860224,0,GDX.US
2025-08-19,1.931899653,0,0,1,-0.02581755662,-0.08127640145,0,GDX.US
2025-08-20,1.955515593,0,0,1,0.01222420643,-0.07004573453,1.011484126,TAN.US
2025-08-21,1.888314112,0,0,1,-0.03436509601,-0.1020037021,0,TAN.US
2025-08-22,1.996503764,0,0,1,0.05729430891,-0.05055362486,0,TAN.US
2025-08-25,1.986018368,0,0,1,-0.005251879301,-0.05554000262,0,TAN.US
2025-08-26,1.992691008,0,0,1,0.003359808267,-0.05236679812,0,TAN.US
2025-08-27,1.952179364,0,0,1,-0.02033011865,-0.07163229355,0,TAN.US
2025-08-28,1.976009679,0,0,1,0.01220703152,-0.06029967969,0,TAN.US
2025-08-29,1.980299143,0,0,1,0.002170770733,-0.05825980574,0,TAN.US
2025-09-02,1.953132598,0,0,1,-0.01371840446,-0.07117897862,0,TAN.US
2025-09-03,1.949606817,0,0,1,-0.001805192918,-0.07285567975,1.000488054,SIL.US
2025-09-04,1.928172078,0,0,1,-0.01099439094,-0.08304906687,0,SIL.US
2025-09-05,1.967202645,0,0,1,0.02024226334,-0.06448790461,0,SIL.US
2025-09-08,2.011991702,0,0,1,0.0227678919,-0.04318826635,0,SIL.US
2025-09-09,1.988637384,0,0,1,-0.0116075616,-0.05429451749,0,SIL.US
2025-09-10,2.039824913,0,0,1,0.02574000126,-0.02995205719,0,SIL.US
2025-09-11,2.092292282,0,0,1,0.02572150639,-0.005000962826,0,SIL.US
2025-09-12,2.106688691,0,0,1,0.006880687121,0,0,SIL.US
2025-09-15,2.155636773,0,0,1,0.02323460615,0,0,SIL.US
2025-09-16,2.090372582,0,0,1,-0.03027606113,-0.03027606113,0,SIL.US
2025-09-17,2.059340318,0,0,1,-0.01484532669,-0.04467192979,0,SIL.US
2025-09-18,2.050702278,0,0,1,-0.004194566738,-0.04867911714,0,SIL.US
2025-09-19,2.033657924,0,0,1,-0.008311471876,-0.0565859939,0.9985960009,XSD.US
2025-09-22,2.064412963,0,0,1,0.01512301489,-0.04231872984,0,XSD.US
2025-09-23,2.057138867,0,0,1,-0.003523566231,-0.04569318323,0,XSD.US
2025-09-24,2.04144239,0,0,1,-0.007630246593,-0.05297477956,0,XSD.US
2025-09-25,2.028553438,0,0,1,-0.006313649429,-0.05895396481,0,XSD.US
2025-09-26,2.030084745,0,0,1,0.0007548761457,-0.0582435916,0,XSD.US
2025-09-29,2.016685228,0,0,1,-0.00660047171,-0.06445962813,0,XSD.US
2025-09-30,2.036210166,0,0,1,0.009681698355,-0.05540200845,0,XSD.US
2025-10-01,2.04144239,0,0,1,0.002569589298,-0.05297477956,0,XSD.US
2025-10-02,2.099506834,0,0,1,0.02844285189,-0.02603868148,0,XSD.US
2025-10-03,2.104802732,0,0,1,0.002522448793,-0.02358191393,0,XSD.US
2025-10-06,2.148893419,0,0,1,0.02094765745,-0.003128242331,0,XSD.US
2025-10-07,2.106780735,0,0,1,-0.01959738146,-0.02266431843,0,XSD.US
2025-10-08,2.164015656,0,0,1,0.02716700412,0,0,XSD.US
2025-10-09,2.163441416,0,0,1,-0.0002653585125,-0.0002653585125,0,XSD.US
2025-10-10,2.013813834,0,0,1,-0.06916183677,-0.0694088426,0,XSD.US
2025-10-13,2.111440325,0,0,1,0.04847840923,-0.02429526365,1.038275142,URA.US
2025-10-14,2.167374938,0,0,1,0.02649121214,0,0,URA.US
2025-10-15,2.211133445,0,0,1,0.02018963385,0,0,URA.US
2025-10-16,2.120953031,0,0,1,-0.04078469983,-0.04078469983,0,URA.US
2025-10-17,2.028489515,0,0,1,-0.04359526789,-0.0826019478,0,URA.US
2025-10-20,2.032674984,0,0,1,0.002063342578,-0.08070904134,0,URA.US
2025-10-21,1.960831217,0,0,1,-0.03534444385,-0.113200869,0.9696742983,XBI.US
2025-10-22,1.920741241,0,0,1,-0.02044539899,-0.1313318311,0,XBI.US
2025-10-23,1.925036561,0,0,1,0.002236282747,-0.1293892434,0,XBI.US
2025-10-24,1.939891376,0,0,1,0.007716640479,-0.1226710532,0,XBI.US
2025-10-27,1.961390597,0,0,1,0.01108269303,-0.1129478858,1.014946054,XAR.US
2025-10-28,1.955066956,0,0,1,-0.003224059862,-0.1158077949,0,XAR.US
2025-10-29,1.958111738,0,0,1,0.001557379946,-0.1144307717,0,XAR.US
2025-10-30,1.93336395,0,0,1,-0.01263859874,-0.1256231259,0,XAR.US
2025-10-31,1.940390177,0,0,1,0.003634198173,-0.122445467,0,XAR.US
2025-11-03,1.93367629,0,0,1,-0.00346007081,-0.1254818678,0,XAR.US
2025-11-04,1.889021154,0,0,1,-0.02309338756,-0.145677454,0,XAR.US
2025-11-05,1.862853108,0,0,1,-0.01385270154,-0.1575121293,0.9851634652,XES.US
2025-11-06,1.855187003,0,0,1,-0.004115249046,-0.1609791767,0,XES.US
2025-11-07,1.857510017,0,0,1,0.001252172218,-0.1599285781,0,XES.US
2025-11-10,1.887245017,0,0,1,0.01600798892,-0.1464807241,0,XES.US
2025-11-11,1.918373966,0,0,1,0.01649438703,-0.1324024468,0,XES.US
2025-11-12,1.846127126,0,0,1,-0.03766045703,-0.1650765672,0,XES.US
2025-11-13,1.821502863,0,0,1,-0.01333833575,-0.1762130562,0,XES.US
2025-11-14,1.803628408,0,0,1,-0.009813025962,-0.1842968989,0.992730426,XLV.US
2025-11-17,1.802084046,0,0,1,-0.0008562529226,-0.1849953471,0,XLV.US
2025-11-18,1.812656582,0,0,1,0.005866838547,-0.1802138464,0,XLV.US
2025-11-19,1.809568039,0,0,1,-0.001703876487,-0.1816106607,0,XLV.US
2025-11-20,1.798757867,0,0,1,-0.005973896482,-0.1864996339,0,XLV.US
2025-11-21,1.836652742,0,0,1,0.0210672466,-0.1693614211,0,XLV.US
2025-11-24,1.84437419,0,0,1,0.004204087018,-0.1658693442,0,XLV.US
2025-11-25,1.886070517,0,0,1,0.02260730317,-0.1470118996,0,XLV.US
2025-11-26,1.881912702,0,0,1,-0.002204485067,-0.1488922991,0,XLV.US
2025-11-28,1.87276562,0,0,1,-0.004860524437,-0.1530291289,0,XLV.US
2025-12-01,1.844730554,0,0,1,-0.01496987442,-0.1657081765,0,XLV.US
2025-12-02,1.823445875,0,0,1,-0.0115380964,-0.175334316,0.9997424606,SIL.US
2025-12-03,1.808075072,0,0,1,-0.008429535997,-0.182285865,0,SIL.US
2025-12-04,1.801926715,0,0,1,-0.003400498814,-0.185066501,0,SIL.US
2025-12-05,1.798852626,0,0,1,-0.001706000769,-0.1864567782,0,SIL.US
2025-12-08,1.76740163,0,0,1,-0.01748392055,-0.2006807032,0,SIL.US
2025-12-09,1.855606262,0,0,1,0.04990638833,-0.160789564,0,SIL.US
2025-12-10,1.886111344,0,0,1,0.01643941501,-0.1469934354,0,SIL.US
2025-12-11,1.971478231,0,0,1,0.04526078879,-0.1083856854,0,SIL.US
2025-12-12,1.950432119,0,0,1,-0.01067529519,-0.1179039314,0,SIL.US
2025-12-15,1.944756629,0,0,1,-0.002909862796,-0.12047071,0,SIL.US
2025-12-16,1.934115401,0,0,1,-0.005471752917,-0.1252832769,0,SIL.US
2025-12-17,1.953269683,0,0,1,0.009903381214,-0.1166206237,0,SIL.US
2025-12-18,1.938135404,0,0,1,-0.007748176773,-0.1234652033,0,SIL.US
2025-12-19,2.003638618,0,0,1,0.03379702664,-0.09384093344,0,SIL.US
2025-12-22,2.082384101,0,0,1,0.03930124005,-0.05822775844,0,SIL.US
2025-12-23,2.091133679,0,0,1,0.004201711979,-0.05427070273,0,SIL.US
2025-12-24,2.073161655,0,0,1,-0.008594392555,-0.06239867156,0,SIL.US
2025-12-26,2.128496509,0,0,1,0.02669104615,-0.03737311123,0,SIL.US
2025-12-29,2.015935152,0,0,1,-0.05288303548,-0.08827974314,0,SIL.US
2025-12-30,2.022083509,0,0,1,0.003049878431,-0.08549910719,0,SIL.US
2025-12-31,1.975025186,0,0,1,-0.02327219557,-0.1067815508,0,SIL.US
2026-01-02,1.962965176,0,0,1,-0.006106256314,-0.1122357716,0,SIL.US
2026-01-05,1.980387319,0,0,1,0.008875420899,-0.1043564904,1.025780018,XES.US
2026-01-06,1.974518119,0,0,1,-0.002963662673,-0.1070108757,0,XES.US
2026-01-07,1.941786207,0,0,1,-0.01657716426,-0.1218141031,0,XES.US
2026-01-08,2.005669708,0,0,1,0.03289934831,-0.09292235936,0,XES.US
2026-01-09,2.010635941,0,0,1,0.002476097068,-0.09067634707,0,XES.US
2026-01-12,1.987610883,0,0,1,-0.01145162958,-0.1010895847,0,XES.US
2026-01-13,2.039755984,0,0,1,0.02623506506,-0.07750661149,0,XES.US
2026-01-14,2.069101811,0,0,1,0.01438693053,-0.06423476319,0,XES.US
2026-01-15,2.082645973,0,0,1,0.006545913704,-0.0581093247,0,XES.US
2026-01-16,2.074745227,0,0,1,-0.00379361008,-0.06168249066,0,XES.US
2026-01-20,2.061652462,0,0,1,-0.006310540833,-0.06760378162,0,XES.US
2026-01-21,2.160976603,0,0,1,0.04817695651,-0.02268376956,0,XES.US
2026-01-22,2.171586079,0,0,1,0.004909574583,-0.01788556263,0,XES.US
2026-01-23,2.157816132,0,0,1,-0.006340962887,-0.02411311383,0,XES.US
2026-01-26,2.186033208,0,0,1,0.01307668216,-0.01135175119,0,XES.US
2026-01-27,2.224859932,0,0,1,0.01776126896,0,0,XES.US
2026-01-28,2.177003882,0,0,1,-0.02150969125,-0.02150969125,0,XES.US
2026-01-29,2.239307061,0,0,1,0.02861877268,0,0,XES.US
2026-01-30,2.234566613,0,0,1,-0.00211692632,-0.00211692632,0,XES.US
2026-02-02,2.243596111,0,0,1,0.004040827705,0,0,XES.US
2026-02-03,2.284228769,0,0,1,0.01811050471,0,0,XES.US
2026-02-04,2.302513379,0,0,1,0.008004719232,0,0,XES.US
2026-02-05,2.246079228,0,0,1,-0.02450980392,-0.02450980392,0,XES.US
2026-02-06,2.362107829,0,0,1,0.05165828532,0,0,XES.US
2026-02-09,2.429828811,0,0,1,0.02866972494,0,0,XES.US
2026-02-10,2.379941042,0,0,1,-0.02053139258,-0.02053139258,0,XES.US
2026-02-11,2.466172418,0,0,1,0.03623256837,0,0,XES.US
2026-02-12,2.399805801,0,0,1,-0.0269107775,-0.0269107775,0,XES.US
2026-02-13,2.466849601,0,0,1,0.02793717702,0,0,XES.US
2026-02-17,2.435472226,0,0,1,-0.01271961388,-0.01271961388,0,XES.US
2026-02-18,2.486714532,0,0,1,0.02103998781,0,0,XES.US
2026-02-19,2.526895621,0,0,1,0.01615830356,0,0,XES.US
2026-02-20,2.518091907,0,0,1,-0.003484003762,-0.003484003762,0,XES.US
2026-02-23,2.524186719,0,0,1,0.002420409105,-0.001072027371,0,XES.US
2026-02-24,2.577234787,0,0,1,0.02101590485,0,0,XES.US
2026-02-25,2.565496559,0,0,1,-0.004554582214,-0.004554582214,0,XES.US
2026-02-26,2.535022152,0,0,1,-0.01187856099,-0.01637904132,0,XES.US
2026-02-27,2.551952398,0,0,1,0.006678539445,-0.009809889946,0,XES.US
2026-03-02,2.556015663,0,0,1,0.00159221849,-0.008233290944,0,XES.US
2026-03-03,2.516285972,0,0,1,-0.01554360226,-0.02364891821,0,XES.US
2026-03-04,2.512899889,0,0,1,-0.001345667213,-0.02496276184,0,XES.US
2026-03-05,2.491003411,0,0,1,-0.008713629387,-0.03345887498,0,XES.US
2026-03-06,2.445856089,0,0,1,-0.01812415068,-0.05097661197,0,XES.US
2026-03-09,2.496646826,0,0,1,0.02076603629,-0.03126915785,0,XES.US
2026-03-10,2.514028641,0,0,1,0.006962064042,-0.02452479169,0,XES.US
2026-03-11,2.532990433,0,0,1,0.007542393079,-0.01716737423,0,XES.US
2026-03-12,2.478813613,0,0,1,-0.02138848182,-0.03818867198,0,XES.US
2026-03-13,2.48716593,0,0,1,0.003369481421,-0.03494786658,0,XES.US
2026-03-16,2.482876879,0,0,1,-0.001724473052,-0.03661207298,0,XES.US
2026-03-17,2.578589324,0,0,1,0.03854900969,0,0,XES.US
2026-03-18,2.563690625,0,0,1,-0.005777848575,-0.005777848575,0,XES.US
2026-03-19,2.59935705,0,0,1,0.01391214084,0,0,XES.US
2026-03-20,2.559175962,0,0,1,-0.01545808733,-0.01545808733,0,XES.US
2026-03-23,2.613804179,0,0,1,0.02134601844,0,0,XES.US
2026-03-24,2.664594916,0,0,1,0.0194317297,0,0,XES.US
2026-03-25,2.665723495,0,0,1,0.0004235464417,0,0,XES.US
2026-03-26,2.687394361,0,0,1,0.008129449942,0,0,XES.US
2026-03-27,2.69055466,0,0,1,0.001175971323,0,0,XES.US
2026-03-30,2.602291564,0,0,1,-0.03280479555,-0.03280479555,0,XES.US
2026-03-31,2.625993977,0,0,1,0.009108284723,-0.02399530625,0,XES.US
2026-04-01,2.568431073,0,0,1,-0.02192042475,-0.0453897437,0,XES.US
2026-04-02,2.653719861,0,0,1,0.03320657056,-0.01369041086,1.006767484,XBI.US
2026-04-06,2.650427329,0,0,1,-0.001240723122,-0.01491414797,0,XBI.US
2026-04-07,2.651456285,0,0,1,0.0003882224423,-0.01453171554,0,XBI.US
2026-04-08,2.688496166,0,0,1,0.01396963685,-0.0007650814807,0,XBI.US
2026-04-09,2.712572529,0,0,1,0.008955327075,0,0,XBI.US
2026-04-10,2.663597142,0,0,1,-0.01805495942,-0.01805495942,0,XBI.US
2026-04-13,2.734272385,0,0,1,0.02653375848,0,1.00664401,SMH.US
2026-04-14,2.787682429,0,0,1,0.01953354927,0,0,SMH.US
2026-04-15,2.793849868,0,0,1,0.002212389381,0,0,SMH.US
2026-04-16,2.804951183,0,0,1,0.003973482987,0,0,SMH.US
2026-04-17,2.86267851,0,0,1,0.02058051038,0,0,SMH.US
2026-04-20,2.861444947,0,0,1,-0.0004309121972,-0.0004309121972,0,SMH.US
2026-04-21,2.86576223,0,0,1,0.001508777093,0,0,SMH.US
2026-04-22,2.940819857,0,0,1,0.02619115658,0,0,SMH.US
2026-04-23,2.971780521,0,0,1,0.01052790234,0,0,SMH.US
2026-04-24,3.123437824,0,0,1,0.05103247074,0,0,SMH.US
2026-04-27,3.12232773,0,0,1,-0.0003554076987,-0.0003554076987,0,SMH.US
2026-04-28,3.02950766,0,0,1,-0.02972784344,-0.03007268563,0,SMH.US
2026-04-29,3.081129094,0,0,1,0.01703954574,-0.0135455648,0,SMH.US
2026-04-30,3.125164699,0,0,1,0.01429203499,0,0,SMH.US
2026-05-01,3.144283798,0,0,1,0.006117789107,0,0,SMH.US
2026-05-04,3.125596465,0,0,1,-0.005943271617,-0.005943271617,0,SMH.US
2026-05-05,3.223658708,0,0,1,0.0313739293,0,0,SMH.US
2026-05-06,3.390611327,0,0,1,0.05178979356,0,0,SMH.US
2026-05-07,3.331033655,0,0,1,-0.0175713657,-0.0175713657,0,SMH.US
2026-05-08,3.494100757,0,0,1,0.04895390416,0,0,SMH.US
2026-05-11,3.554356757,0,0,1,0.01724506639,0,0,SMH.US
2026-05-12,3.46147514,0,0,1,-0.02613176523,-0.02613176523,0,SMH.US
2026-05-13,3.530612267,0,0,1,0.01997331309,-0.006680390072,0,SMH.US
2026-05-14,3.566876839,0,0,1,0.01027146815,0,0,SMH.US
2026-05-15,3.431193181,0,0,1,-0.03803990555,-0.03803990555,0,SMH.US
2026-05-18,3.36840832,0,0,1,-0.01829825865,-0.05564210018,0,SMH.US
2026-05-19,3.354840256,0,0,1,-0.004028034422,-0.0594460063,0,SMH.US
2026-05-20,3.482505942,0,0,1,0.03805417739,-0.02365399778,0,SMH.US
2026-05-21,3.502365291,0,0,1,0.005702603144,-0.018086284,0,SMH.US
2026-05-22,3.554418491,0,0,1,0.01486229902,-0.003492788736,0,SMH.US
2026-05-26,3.713661812,0,0,1,0.04480151131,0,0,SMH.US
2026-05-27,3.672709926,0,0,1,-0.01102735989,-0.01102735989,0,SMH.US
2026-05-28,3.699415043,0,0,1,0.00727122937,-0.003836312988,0,SMH.US
2026-05-29,3.693864197,0,0,1,-0.001500465779,-0.005331022511,0,SMH.US
2026-06-01,3.748631085,0,0,1,0.01482644882,0,0,SMH.US
2026-06-02,3.899116748,0,0,1,0.04014416431,0,0,SMH.US
2026-06-03,3.934209491,0,0,1,0.009000177542,0,0,SMH.US
2026-06-04,3.870253178,0,0,1,-0.01625645825,-0.01625645825,0,SMH.US
2026-06-05,3.513528341,0,0,1,-0.09217093072,-0.1069290161,0,SMH.US
2026-06-08,3.689115148,0,0,1,0.04997449592,-0.06229824384,0,SMH.US
2026-06-09,3.645018185,0,0,1,-0.01195326284,-0.0735068394,0,SMH.US
2026-06-10,3.521052436,0,0,1,-0.03400963823,-0.1050165366,0,SMH.US
2026-06-11,3.621781034,0,0,1,0.02860752586,-0.07941327404,1.02049362,XHS.US
2026-06-12,3.633089946,0,0,1,0.00312247241,-0.07653876739,0,XHS.US
2026-06-15,3.637553978,0,0,1,0.001228714971,-0.07540409675,0,XHS.US
2026-06-16,3.642017783,0,0,1,0.001227144665,-0.07426948382,0,XHS.US
2026-06-17,3.596485156,0,0,1,-0.01250203312,-0.0858429974,0,XHS.US
2026-06-18,3.632197185,0,0,1,0.009929702878,-0.07676568998,0,XHS.US
2026-06-22,3.634875468,0,0,1,0.0007373726804,-0.07608492222,0,XHS.US
2026-06-23,3.667016226,0,0,1,0.008842327136,-0.06791536285,0,XHS.US
2026-06-24,3.73963048,0,0,1,0.01980199982,-0.04945822304,0,XHS.US
2026-06-25,3.808375801,0,0,1,0.01838291812,-0.03198449138,0,XHS.US
2026-06-26,3.897358097,0,0,1,0.02336489384,-0.009366911791,0,XHS.US
2026-06-29,3.894381925,0,0,1,-0.0007636385033,-0.01012339736,0,XHS.US
2026-06-30,3.931284377,0,0,1,0.009475817571,-0.0007435072548,0,XHS.US
2026-07-01,4.052704413,0,0,1,0.03088558958,0,0,XHS.US
2026-07-02,4.098832365,0,0,1,0.01138201744,0,0,XHS.US
2026-07-06,4.091987713,0,0,1,-0.00166990296,-0.00166990296,0,XHS.US
2026-07-07,4.074131585,0,0,1,-0.004363680753,-0.006026296789,0,XHS.US
2026-07-08,4.010147959,0,0,1,-0.0157048502,-0.0216365049,0,XHS.US
2026-07-09,4.054490389,0,0,1,0.01105755468,-0.01081819706,0,XHS.US
2026-07-10,4.014611764,0,0,1,-0.009835668986,-0.02054746184,0,XHS.US
2026-07-13,4.017587937,0,0,1,0.0007413351226,-0.01982135927,0,XHS.US
2026-07-14,3.994077807,0,0,1,-0.00585180212,-0.02555717072,0,XHS.US
2026-07-15,4.010147959,0,0,1,0.004023494964,-0.0216365049,0,XHS.US
2026-07-16,4.028301523,0,0,1,0.004526906199,-0.01720754513,0,XHS.US
2026-07-17,4.040503195,0,0,1,0.003028986852,-0.01423067971,0,XHS.US
2026-07-20,4.001517785,0,0,1,-0.00964865226,-0.02374202509,0,XHS.US
2026-07-21,4.037824458,0,0,1,0.009073225502,-0.01488421633,0,XHS.US
2026-07-22,3.956282593,0,0,1,-0.02019450459,-0.03477814154,0,XHS.US
2026-07-23,3.836592537,0,0,1,-0.03025316142,-0.06397915423,0.9939822248,XOP.US
2026-07-24,3.801428492,0,0,1,-0.009165436507,-0.07255819386,0,XOP.US
2026-07-27,3.692878628,0,0,1,-0.02855501944,-0.09904131267,0,XOP.US
2026-07-28,3.690861261,0,0,1,-0.0005462855583,-0.09953349339,1.000887118,XAR.US
2026-07-29,3.503413133,0,0,1,-0.05078709692,-0.1452655731,0,XAR.US
2026-07-30,3.444542589,0,0,1,-0.01680376872,-0.1596283328,1.001511041,KIE.US
2026-07-31,3.434917958,0,0,1,-0.00279416812,-0.1619764725,0,KIE.US
2026-08-03,3.457910109,0,0,1,0.00669365379,-0.1563670331,0,KIE.US
2026-08-04,3.484141217,0,0,1,0.007585826889,-0.1499673795,0.9955156808,XHE.US
2026-08-05,3.405098919,0,0,1,-0.02268630709,-0.1692514805,0,XHE.US
2026-08-06,3.370379305,0,0,1,-0.01019635987,-0.1777220914,0,XHE.US
2026-08-07,3.430953771,0,0,1,0.01797259605,-0.1629436227,0,XHE.US
2026-08-10,3.479708836,0,0,1,0.01421035314,-0.151048756,0,XHE.US
2026-08-11,3.505933123,0,0,1,0.007536345307,-0.1446507663,0,XHE.US
2026-08-12,3.512581554,0,0,1,0.001896337006,-0.1430287359,0,XHE.US
2026-08-13,3.520707445,0,0,1,0.002313367237,-0.1410462466,0,XHE.US
2026-08-14,3.518491395,0,0,1,-0.0006294330548,-0.1415869005,0,XHE.US
2026-08-17,3.481555732,0,0,1,-0.01049758532,-0.1505981653,0,XHE.US
2026-08-18,3.501177287,0,0,1,0.005635858539,-0.1458110567,1.007426235,XOP.US
2026-08-19,3.519688961,0,0,1,0.005287271083,-0.1412947282,0,XOP.US
2026-08-20,3.540845159,0,0,1,0.006010814717,-0.1361332099,0,XOP.US
2026-08-21,3.580324239,0,0,1,0.01114962055,-0.126501423,0,XOP.US
2026-08-24,3.517988971,0,0,1,-0.01741050918,-0.141709478,0,XOP.US
2026-08-25,3.451686483,0,0,1,-0.01884670136,-0.1578854231,0,XOP.US
2026-08-26,3.484365604,0,0,1,0.00946758073,-0.1499126354,0,XOP.US
